,NWP (£m) ,NWP (£m) ,NWP (£m) ,NWP (£m) ,NWP (£m) ,SCR (£m),SCR (£m),SCR (£m),SCR (£m),SCR (£m),EoF for SCR (£m),EoF for SCR (£m),EoF for SCR (£m),EoF for SCR (£m),EoF for SCR (£m),SCR coverage ratio,SCR coverage ratio,SCR coverage ratio,SCR coverage ratio,SCR coverage ratio,GWP (£m),GWP (£m),GWP (£m),GWP (£m),GWP (£m),Total assets (£m),Total assets (£m),Total assets (£m),Total assets (£m),Total assets (£m),Total liabilities (£m),Total liabilities (£m),Total liabilities (£m),Total liabilities (£m),Total liabilities (£m),Excess of assets over liabilities (£m) [= equity],Excess of assets over liabilities (£m) [= equity],Excess of assets over liabilities (£m) [= equity],Excess of assets over liabilities (£m) [= equity],Excess of assets over liabilities (£m) [= equity]
,2016YE,2017YE,2018YE,2019YE,2020YE,2016YE,2017YE,2018YE,2019YE,2020YE,2016YE,2017YE,2018YE,2019YE,2020YE,2016YE,2017YE,2018YE,2019YE,2020YE,2016YE,2017YE,2018YE,2019YE,2020YE,2016YE,2017YE,2018YE,2019YE,2020YE,2016YE,2017YE,2018YE,2019YE,2020YE,2016YE,2017YE,2018YE,2019YE,2020YE
Firm 1,-17754.10,0.00,0.00,0.00,0.00,2021.32,0.00,0.00,0.00,0.00,2416.56,3.80,0.00,0.00,0.00,0.16,55887003.06,0.00,0.00,0.00,46.77,0.00,0.00,0.00,0.00,63676.87,9.57,0.00,0.00,0.00,40171.68,0.00,0.00,0.00,0.00,1243.92,4.40,0.00,0.00,0.00
Firm 2,9.24,0.10,40.81,35.64,13.63,16.46,15.01,14.23,15.04,1.59,33.90,20.95,78.47,47.73,28.78,5.65,3.68,10.24,5.79,3.17,41.79,6.19,11.58,3.89,16.72,78.78,23.31,56.34,98.82,2.67,7.97,12.80,11.33,6.73,16.17,8.76,48.43,0.07,43.37,12.46
Firm 3,0.00,0.81,36.62,86.63,54.74,486.89,495.79,626.61,81.24,362.09,693.52,767.25,582.60,114.82,841.93,1.14,1.71,1.22,1.35,0.25,0.00,68.11,138.08,148.59,38.12,54.68,2321.11,1961.55,226.51,540.59,68.00,1592.31,1005.33,593.69,374.71,210.92,100.78,87.59,922.49,412.47
Firm 4,19677.45,41072.82,20885.51,14719.67,49204.47,15975.65,15367.89,10797.12,22788.36,16090.31,29997.67,36644.40,10096.98,8536.23,41636.30,0.68,1.22,2.70,2.03,1.20,43375.81,23689.62,68276.76,41081.45,37761.88,64985.73,51060.07,138993.23,105167.62,37423.54,48416.74,30870.23,68145.07,92600.14,92273.05,24862.17,7191.96,12910.35,12586.97,24127.84
Firm 5,128.81,10.41,79.58,79.42,61.73,32.74,43.95,31.62,30.12,91.52,149.65,202.85,167.41,176.72,142.78,1.46,4.96,3.23,4.34,1.62,80.18,55.80,55.47,18.00,32.28,572.07,140.72,31.62,172.51,15.05,267.46,22.98,69.34,16.84,106.18,262.68,7.59,96.95,104.61,103.18
Firm 6,3091.39,3357.93,3215.47,53.22,5969.71,5127.37,5252.81,5460.80,4581.92,3102.99,3816.67,1421.16,4927.79,6793.54,5628.46,0.04,0.62,1.10,2.23,2.50,1966.06,1199.66,4061.62,7464.34,4209.12,76031.73,76887.53,55185.12,11332.29,107547.79,21524.89,29794.43,73169.14,61908.34,7915.44,1730.05,2681.88,6397.69,4848.82,9295.37
Firm 7,3148.48,3307.13,713.85,18232.38,6486.66,3352.50,2155.20,4246.24,7597.76,3105.99,7034.11,4477.93,6458.19,13013.58,7692.02,1.65,0.08,1.91,2.30,0.10,4169.54,12689.07,5814.00,4224.70,16183.57,93321.46,8523.87,59601.56,60086.60,58820.10,9079.89,157830.72,1656.20,5825.25,178292.69,9579.74,3474.81,13507.94,11434.72,13165.53
Firm 8,0.00,0.00,0.00,0.00,0.00,0.00,0.00,0.00,0.00,0.00,0.00,0.00,0.00,0.00,0.00,0.00,0.00,0.00,0.00,0.00,0.00,0.00,0.00,0.00,0.00,0.00,0.00,0.00,0.00,0.00,0.00,0.00,0.00,0.00,0.00,0.00,0.00,0.00,0.00,0.00
Firm 9,15.28,15.18,27.79,0.35,6.46,6.95,23.01,25.18,16.35,16.50,34.96,46.80,7.83,22.72,33.47,3.49,2.42,0.60,3.93,0.26,33.27,24.41,31.90,24.28,7.42,23.03,100.79,3.27,32.93,34.16,20.12,3.21,46.90,15.84,23.91,0.40,15.61,0.79,20.90,49.33
Firm 10,404.12,3882.09,6640.43,5196.62,221.99,3839.04,5102.46,2578.83,323.48,1773.69,2052.58,11977.14,4128.91,5724.02,8207.82,1.25,0.67,1.96,1.11,0.60,678.22,9887.80,9002.11,10552.59,882.48,260340.85,156760.49,192068.21,205328.18,195835.58,200126.40,130277.89,193831.91,91918.54,254270.41,7807.06,8980.15,6395.47,4200.11,9062.23
Firm 11,0.00,0.00,0.00,0.00,0.00,0.00,0.00,0.00,0.00,0.00,0.00,0.00,0.00,0.00,0.00,0.00,0.00,0.00,0.00,0.00,0.00,0.00,0.00,0.00,0.00,0.00,0.00,0.00,0.00,0.00,0.00,0.00,0.00,0.00,0.00,0.00,0.00,0.00,0.00,0.00
Firm 12,0.00,0.00,0.00,0.00,0.00,1.13,0.95,1.22,1.73,1.06,2.46,2.19,2.58,1.40,5.21,5.12,3.26,5.74,2.29,0.83,0.00,0.00,0.00,0.00,0.00,9.66,19.93,8.69,13.35,9.68,3.93,1.03,6.40,2.44,4.57,0.19,1.18,6.47,5.55,3.08
Firm 13,4.21,4.13,5.38,3.01,3.32,1.08,0.69,0.64,0.63,1.21,4.44,5.06,4.71,0.35,2.92,4.85,3.35,2.47,0.26,4.34,0.41,1.29,2.22,2.41,4.00,4.89,2.20,1.17,2.01,1.47,0.52,1.00,1.56,0.70,0.69,2.84,5.26,5.44,1.04,2.22
Firm 14,29.43,13.91,32.71,17.70,0.52,2.51,12.66,1.27,9.57,8.41,37.86,12.84,37.33,39.85,14.34,0.70,1.17,1.98,3.32,0.67,19.83,18.65,24.92,17.86,13.93,46.83,92.40,5.81,38.51,19.48,1.33,22.63,21.76,37.90,43.35,19.27,24.83,32.03,3.45,42.61
Firm 15,0.77,5.01,12.11,10.04,0.56,36.35,32.41,68.13,58.83,40.20,42.86,87.68,91.89,81.43,83.37,3.07,2.40,1.98,1.90,0.39,11.76,9.61,6.84,0.64,6.46,50.32,10.81,76.08,66.14,19.63,-1.08,-0.13,-6.21,-0.63,-28.92,9.94,0.40,12.11,100.63,21.07
Firm 16,0.00,0.00,0.00,0.00,0.00,7.16,0.06,1.20,0.00,0.00,90.15,30.28,19.48,0.00,0.00,10.67,27.85,21.48,0.00,0.00,0.00,0.00,0.00,0.00,0.00,155.21,13.17,48.01,0.00,0.00,19.60,14.99,12.95,0.00,0.00,232.81,28.53,17.68,0.00,0.00
Firm 17,5210.94,1146.93,1620.22,1256.93,0.00,173.81,153.05,136.49,12.37,0.00,342.99,331.48,454.81,170.08,0.00,1.47,1.28,1.41,0.01,0.00,3651.62,5132.98,344.34,2037.69,0.00,12896.91,7896.29,10486.74,14480.15,0.00,9319.98,3939.22,8393.97,8109.00,0.00,325.36,78.17,89.06,207.28,0.00
Firm 18,0.00,0.00,0.00,0.00,0.00,0.37,0.27,0.48,0.52,0.00,7.01,3.84,0.04,8.94,0.00,10.36,29.17,14.84,26.17,0.00,0.00,0.00,0.00,0.00,0.00,3.19,1.76,4.51,8.51,0.00,0.17,0.41,0.17,0.00,0.00,3.27,8.76,10.33,6.02,0.00
Firm 19,0.00,0.00,0.00,2006.29,326.55,0.00,0.00,0.89,431.39,2100.13,0.00,0.00,3.91,3521.28,1551.44,0.00,0.00,6.56,0.30,0.43,0.00,0.00,0.00,3535.43,3135.96,0.00,0.00,6.25,13028.09,11122.88,0.00,0.00,0.03,4052.70,5785.53,0.00,0.00,1.64,2023.41,2350.66
Firm 20,0.00,0.01,0.00,0.00,0.00,1.41,0.16,3.19,0.76,1.23,8.03,8.86,3.60,0.54,5.80,0.96,2.81,8.45,3.78,8.13,0.01,0.10,0.00,0.00,0.00,33.69,16.04,1.03,47.71,29.19,31.49,12.93,16.05,19.08,1.51,14.90,10.25,7.68,11.47,16.99
Firm 21,0.00,0.00,0.00,0.00,0.03,0.35,0.39,0.03,13.19,35.54,0.35,6.27,20.41,81.55,11.38,5.19,20.91,3.49,3.79,1.19,0.00,0.00,0.00,0.00,0.00,4.25,6.31,222.15,149.31,7.87,1.30,1.12,41.07,21.57,49.45,4.77,5.87,41.35,26.20,2.48
Firm 22,11.35,26.61,55.84,53.52,28.47,119.98,160.33,140.41,62.47,127.68,113.71,153.76,71.02,54.61,106.13,2.29,1.75,1.15,1.93,1.70,104.95,4.22,77.60,62.35,54.08,1124.55,2673.37,3527.70,604.11,855.05,651.71,2188.88,2240.96,1462.16,777.32,342.08,376.02,214.22,275.24,84.48
Firm 23,982.26,634.61,2043.25,5085.70,1626.62,4.19,5.05,11.31,3.88,12.84,67.47,15.44,30.22,12.87,43.74,5.29,0.05,1.54,1.49,6.06,2177.67,58.39,2036.31,2016.24,3563.60,6949.08,1174.23,15874.59,15376.29,5995.82,6061.83,16129.66,852.78,620.55,4058.05,3.26,28.31,0.23,33.08,34.76
Firm 24,0.00,206.31,897.38,0.00,0.00,8.88,11.35,16.00,0.00,0.00,44.81,53.51,25.55,0.00,0.00,3.25,4.03,2.44,0.00,0.00,0.00,207.38,361.51,0.00,0.00,2228.43,13442.11,2278.21,0.00,0.00,3827.78,16995.96,234.54,0.00,0.00,29.06,16.43,2.41,0.00,0.00
Firm 25,9622.28,2356.63,1227.71,7134.65,9765.61,11.95,10.59,2.20,1.77,0.23,25.84,15.69,27.23,20.12,9.80,1.61,3.16,1.83,4.55,3.16,4169.96,1758.19,5927.70,1198.25,7031.52,69969.25,22793.89,14475.93,29976.66,3614.91,47564.11,38268.17,3107.19,4531.26,30445.54,0.48,23.89,25.57,5.83,27.07
Firm 26,75526.67,2187.59,11251.35,6683.96,16395.67,4282.79,3852.00,1061.57,98.03,2960.78,6955.22,2081.39,1602.02,3020.38,7661.18,0.89,1.79,2.88,2.44,0.31,17208.39,13019.60,3419.69,8013.28,10352.25,61185.72,74897.83,97972.53,109524.33,83195.53,69741.38,68511.99,57527.47,84757.53,7816.29,7266.41,6694.88,7923.76,7581.78,48.84
Firm 27,0.02,0.00,0.00,0.00,0.00,4.50,1.52,0.00,0.00,0.00,9.82,13.46,0.00,0.00,0.00,2.09,9.69,0.00,0.00,0.00,0.00,0.00,0.00,0.00,0.00,4.35,15.62,0.00,0.00,0.00,65.43,0.00,0.00,0.00,0.00,49.14,3.07,0.00,0.00,0.00
Firm 28,0.36,10.57,16.36,22.11,64.65,30.70,35.65,39.04,98.18,109.70,1019.10,857.06,1007.60,904.16,296.72,1.34,5.33,3.95,3.47,0.88,38.81,14.75,7.47,54.60,53.18,1845.29,878.97,603.60,1013.91,875.86,607.11,1022.77,732.21,157.21,230.35,401.09,1702.44,601.87,1376.69,402.05
Firm 29,0.00,0.00,0.00,0.00,0.00,0.00,0.00,0.00,0.00,0.00,0.00,0.00,0.00,0.00,0.00,0.00,0.00,0.00,0.00,0.00,0.00,0.00,0.00,0.00,0.00,0.00,0.00,0.00,0.00,0.00,0.00,0.00,0.00,0.00,0.00,0.00,0.00,0.00,0.00,0.00
Firm 30,198.46,5260.73,9063.12,6124.60,3396.24,2801.42,3545.73,3476.43,1392.06,3729.85,2620.28,1507.82,2490.07,1994.43,7057.20,1.91,0.04,1.77,2.18,2.92,2213.11,436.67,6803.62,2301.23,3093.82,50286.17,39413.90,43361.14,49845.42,44306.86,773.12,24458.82,75634.09,70632.72,99549.64,4805.08,4611.24,3202.36,3041.05,8258.06
Firm 31,0.00,0.00,0.00,0.00,0.00,1.61,0.04,0.00,0.00,0.00,7.18,2.59,0.00,0.00,0.00,4.64,9.93,0.00,0.00,0.00,-0.01,0.00,0.00,0.00,0.00,8.41,0.67,0.00,0.00,0.00,3.44,0.00,0.00,0.00,0.00,6.92,3.03,0.00,0.00,0.00
Firm 32,68.51,322.42,346.83,0.00,0.00,718.32,348.55,24.74,0.00,0.00,749.52,601.39,43.87,0.00,0.00,1.94,0.80,0.57,0.00,0.00,500.93,150.27,108.53,0.00,0.00,2329.84,813.13,1902.49,0.00,0.00,534.26,1607.85,424.62,0.00,0.00,173.64,598.22,844.98,0.00,0.00
Firm 33,-4.39,12.13,6.13,20.15,0.11,834.28,480.95,298.73,270.17,3.22,177.65,243.14,1243.62,202.04,5.66,2.41,1.35,2.44,1.37,3.64,1.04,2.45,12.77,3.17,0.15,13439.79,8888.46,4185.53,4332.23,19.51,4123.31,5542.03,10384.65,5953.56,90.90,1530.06,709.65,40.95,665.45,2.70
Firm 34,10135.26,3630.29,3530.84,-184.09,6105.50,8785.96,3011.61,5924.16,3884.82,2971.06,11855.75,1926.04,7664.51,9838.42,9793.44,2.91,0.74,2.60,3.04,2.55,7875.72,4506.76,8107.79,11427.64,19274.96,135949.88,107581.20,140669.68,181329.99,160124.46,15477.01,167736.86,143973.37,310336.93,182263.89,21206.54,11528.90,16050.45,7720.36,5352.13
Firm 35,281.81,168.54,260.78,429.14,777.09,3.82,335.00,52.90,14.89,91.27,34.64,453.01,20.82,490.39,114.17,0.28,2.36,1.13,0.24,1.18,251.85,454.82,469.66,287.62,906.34,2246.96,3055.32,1216.28,2339.90,1032.80,1566.15,677.90,2820.59,3019.33,660.47,268.39,138.49,72.13,275.04,47.02
Firm 36,0.00,0.00,0.00,0.00,0.00,0.38,0.51,3.70,5.17,3.20,9.61,32.71,42.96,41.76,33.39,2.72,3.58,5.75,6.36,15.43,0.00,0.00,0.00,0.00,0.00,49.14,3.35,19.99,23.98,28.44,8.25,7.12,0.73,3.28,3.43,26.53,5.84,9.89,35.43,16.41
Firm 37,0.00,0.00,0.00,0.20,0.39,0.32,0.92,0.46,2.73,3.38,0.69,2.97,2.08,4.88,7.84,4.78,10.02,0.59,1.51,1.07,0.00,0.00,0.00,2.81,13.19,5.30,1.25,5.70,11.99,11.70,0.09,0.04,0.01,0.51,9.50,4.69,4.10,6.33,4.66,5.95
Firm 38,6060.19,3345.29,1666.57,0.00,0.00,3315.02,4255.46,3786.53,0.00,0.00,3650.83,1651.79,1017.56,0.00,0.00,1.34,2.50,1.60,0.00,0.00,7063.98,6202.57,4720.20,0.00,0.00,2108.63,25317.22,3315.02,0.00,0.00,5844.00,9955.16,9464.48,0.00,0.00,2531.59,3813.17,4071.23,0.00,0.00
Firm 39,13.76,10.19,15.64,2.07,2.17,24.12,43.75,24.03,4.81,27.68,16.81,48.43,18.21,10.37,35.15,1.62,0.84,3.31,2.67,5.32,10.85,0.43,0.64,9.39,11.47,82.44,120.15,79.07,100.37,127.84,5.43,4.70,5.29,1.29,0.22,85.58,86.73,44.67,45.62,94.81
Firm 40,166.56,950.80,392.34,397.23,497.18,623.34,268.80,608.86,443.90,231.32,275.25,982.72,516.21,589.93,278.84,0.73,1.38,1.40,1.35,2.93,2358.14,1632.59,1456.84,2236.50,806.82,2011.17,1872.35,775.43,1753.48,196.84,1418.58,1123.28,1748.38,2299.44,3452.29,383.28,279.62,164.98,344.08,519.51
Firm 41,8.51,8.61,2.80,4.66,2.95,2.47,0.71,0.32,3.06,1.43,2.38,10.95,0.02,2.27,5.59,5.78,0.95,1.81,3.16,2.90,6.71,2.19,1.19,9.84,4.00,11.00,11.27,5.61,8.28,10.88,1.44,1.13,1.62,0.83,0.33,1.44,3.14,6.70,8.07,9.13
Firm 42,0.00,4.84,25.74,45.98,32.63,41.44,76.43,64.42,27.01,36.00,129.01,88.33,52.88,46.42,77.23,2.92,0.13,1.79,2.32,1.92,0.00,372.32,87.56,415.21,421.34,232.51,1139.16,667.91,1201.80,624.10,532.38,225.14,746.94,955.94,40.89,32.73,127.29,66.83,85.37,84.49
Firm 43,0.00,0.00,0.00,0.00,0.00,3.62,2.55,2.12,2.77,1.53,2.60,3.42,2.83,2.82,2.15,2.84,3.35,3.54,3.41,1.95,0.00,0.00,0.00,0.00,0.00,64.17,62.58,73.38,36.29,37.69,51.11,61.86,52.42,71.65,62.37,4.42,4.89,1.06,6.47,6.10
Firm 44,27.31,0.23,9.13,24.11,0.00,4.21,2.32,3.20,2.89,0.00,8.69,7.87,8.21,0.70,0.00,3.94,2.99,3.37,1.25,0.00,5.17,1.14,6.50,0.87,0.00,40.27,85.60,125.01,27.91,0.00,160.12,198.40,211.95,244.23,0.00,5.27,11.11,7.34,11.54,0.00
Firm 45,7.26,53.66,73.45,79.72,58.91,46.16,23.75,129.38,77.36,179.08,148.78,85.46,76.05,72.53,215.30,0.58,1.05,1.82,0.26,0.55,6.67,117.81,131.36,819.65,740.57,107.25,208.81,568.20,267.75,60.40,3.91,35.77,381.43,687.50,559.39,118.64,136.67,125.81,161.05,96.66
Firm 46,1.14,1.03,4.89,6.43,3.63,11.14,1.46,10.19,5.21,4.13,56.26,45.10,109.48,1.29,29.96,14.95,10.35,5.73,2.45,6.25,45.79,219.73,73.57,189.59,214.13,64.98,133.00,211.43,143.57,171.89,55.54,65.79,98.18,122.45,145.89,1.28,81.51,35.80,15.61,16.68
Firm 47,0.00,327.83,118.62,378.25,1289.31,10.79,16.67,2.97,0.30,2.67,128.28,13.22,52.32,38.29,27.90,4.09,0.15,0.55,5.11,7.54,0.00,172.02,478.29,251.62,572.25,131.49,2676.03,3201.85,2324.94,3549.84,3188.68,1976.73,1582.30,3572.53,3108.30,132.91,70.87,131.14,26.54,17.72
Firm 48,3.60,81.40,218.38,204.70,68.18,111.59,93.42,115.71,32.30,69.86,89.92,127.66,170.60,140.92,162.98,1.61,1.24,2.08,2.92,2.66,37.30,1.21,268.25,232.24,113.38,276.57,157.39,241.07,476.76,422.15,0.95,194.77,231.84,30.75,47.33,2.01,39.71,22.41,183.95,138.21
Firm 49,0.73,3.62,4.05,4.94,4.23,1.52,3.85,3.03,2.54,6.07,0.14,8.17,12.07,7.30,4.92,2.21,0.36,2.65,2.10,3.10,8.71,2.05,3.76,7.52,5.19,14.38,61.82,29.00,28.17,17.49,0.12,37.62,35.12,45.41,21.20,4.78,1.18,1.60,5.94,1.57
Firm 50,0.00,0.00,0.00,0.00,0.00,0.00,0.00,0.00,0.00,0.00,0.00,0.00,0.00,0.00,0.00,0.00,0.00,0.00,0.00,0.00,0.00,0.00,0.00,0.00,0.00,0.00,0.00,0.00,0.00,0.00,0.00,0.00,0.00,0.00,0.00,0.00,0.00,0.00,0.00,0.00
Firm 51,0.00,427.49,3812.03,5655.16,3789.88,9.38,12.51,8.73,3.95,4.48,0.77,21.16,2.12,6.83,1.56,0.34,0.06,1.15,0.88,2.43,0.00,675.14,4289.49,6855.90,2524.62,8036.17,6989.52,16291.87,19467.56,32271.72,8126.48,12674.31,13836.71,13789.81,20522.32,17.60,18.47,2.52,8.80,2.30
Firm 52,0.00,16.70,5.86,1.05,0.77,6.02,6.44,0.55,3.72,4.50,14.37,2.95,18.15,6.88,20.13,2.98,3.43,5.71,3.55,2.64,0.00,15.76,39.64,11.34,2.92,55.53,9.34,16.96,0.57,23.48,14.14,5.99,41.03,14.96,13.67,11.06,0.40,10.66,14.96,14.25
Firm 53,10.99,437.28,129.13,8.29,-2.11,258.82,381.41,411.22,21.85,32.22,868.39,697.32,454.89,457.59,288.56,2.79,0.50,0.25,31.26,21.78,181.04,1774.37,26.09,114.23,219.32,2397.62,6659.10,13930.26,7565.44,11715.20,6290.76,19469.47,19571.55,18049.30,6809.67,27.97,227.70,867.00,207.07,199.27
Firm 54,126.29,348.99,390.90,128.93,0.00,271.42,3.30,429.44,140.31,0.00,94.84,377.01,478.87,135.75,0.00,0.53,1.09,2.24,0.68,0.00,241.80,112.37,441.00,206.25,0.00,964.83,1527.98,1462.40,615.84,0.00,278.05,684.06,27.23,775.67,0.00,253.75,718.13,485.32,371.64,0.00
Firm 55,1.70,-125.21,-5.16,37.00,-31.33,33.70,141.68,121.73,193.74,375.58,137.97,482.50,1308.76,1225.20,764.51,3.25,8.86,2.50,1.64,0.90,-19.78,-0.31,0.41,55.88,-8.43,136.32,1072.88,1355.50,1375.61,782.70,0.87,30.90,85.02,84.17,200.87,220.88,1174.01,784.91,1031.90,1016.86
Firm 56,-0.05,0.00,0.00,0.00,0.00,1.41,0.45,0.19,1.04,0.39,11.29,12.92,7.50,9.13,1.03,12.70,9.68,25.76,28.31,7.87,-0.05,0.00,0.00,0.00,0.00,19.37,5.47,12.13,17.03,4.63,13.07,0.43,6.81,2.46,3.84,3.23,4.08,0.59,10.89,6.73
Firm 57,17.35,16.58,32.54,49.67,12.70,5.42,16.53,3.27,14.09,6.16,27.24,32.91,8.06,14.48,14.86,0.03,3.47,0.21,2.22,1.40,1.35,21.68,14.92,48.86,0.26,139.73,98.16,101.07,1.71,120.92,67.39,95.13,22.86,122.23,167.52,34.66,23.09,22.47,18.49,32.88
Firm 58,0.00,0.00,0.00,0.00,0.00,0.73,0.74,0.16,39.58,92.37,3.97,7.06,2.18,6.53,235.75,0.16,12.87,2.43,3.01,1.03,0.00,0.00,0.00,0.00,0.00,4.67,1.06,0.08,1700.08,662.04,0.19,0.00,0.03,1159.55,742.72,1.88,2.87,2.83,143.53,251.95
Firm 59,2.78,5.32,1.88,1.94,3.12,7.57,27.14,20.66,64.63,53.43,20.62,133.18,7.56,58.56,66.48,5.11,2.58,3.16,3.06,2.30,54.72,37.29,86.80,146.39,191.64,211.89,398.93,40.29,320.32,160.30,59.69,237.90,188.73,208.86,421.41,162.30,85.62,18.28,14.76,103.29
Firm 60,1.66,-5.88,0.00,0.00,0.00,27.13,21.68,0.00,0.00,0.00,47.36,214.96,0.00,0.00,0.00,0.87,3.63,0.00,0.00,0.00,172.51,4.80,0.00,0.00,0.00,997.77,652.08,0.00,0.00,0.00,821.64,284.03,0.00,0.00,0.00,69.34,106.30,0.00,0.00,0.00
Firm 61,0.84,-0.66,-4.75,-0.27,0.65,205.88,193.26,50.46,54.36,104.94,277.37,161.87,23.94,129.04,137.07,0.95,0.22,4.06,4.90,0.67,2.71,-2.21,-6.20,0.24,1.50,607.21,613.14,100.08,26.08,421.22,305.18,416.64,39.49,218.55,39.41,161.97,290.50,311.41,278.15,61.71
Firm 62,0.00,-49.29,-38.53,-52.98,-49.84,0.00,51.64,32.22,101.31,124.32,0.00,4.49,305.32,169.18,236.23,0.00,4.35,4.05,4.68,1.04,0.00,34.35,18.84,5.14,36.07,0.00,167.87,86.60,571.95,328.72,0.00,98.84,44.74,49.52,119.95,0.00,138.76,161.02,412.39,51.13
Firm 63,0.00,133.40,12.25,49.02,127.08,17.54,89.20,109.63,229.98,23.19,145.21,86.27,27.68,39.97,296.24,2.18,1.62,0.82,1.33,0.87,0.00,162.90,46.20,53.97,173.57,267.95,193.54,275.50,79.85,144.33,8.57,20.54,116.33,108.77,70.49,134.36,35.22,23.28,20.03,267.14
Firm 64,0.39,2.83,0.01,0.17,0.00,226.36,154.07,81.64,165.34,0.00,13.83,40.75,64.47,14.47,0.00,0.25,0.39,0.15,0.29,0.00,0.39,4.17,0.13,0.14,0.00,86.76,56.10,56.07,152.75,0.00,43.22,86.47,32.57,80.06,0.00,1.46,22.51,58.80,61.81,0.00
Firm 65,0.00,0.00,0.00,0.00,0.00,0.00,0.00,0.00,0.00,0.00,0.00,0.00,0.00,0.00,0.00,0.00,0.00,0.00,0.00,0.00,0.00,0.00,0.00,0.00,0.00,0.00,0.00,0.00,0.00,0.00,0.00,0.00,0.00,0.00,0.00,0.00,0.00,0.00,0.00,0.00
Firm 66,188.02,-2061.02,48.21,0.00,0.00,463.45,81.25,0.00,0.00,0.00,1868.25,909.43,0.24,0.00,0.00,2.72,5.37,7161991.98,0.00,0.00,15.41,83.74,643.74,0.00,0.00,16716.33,15448.14,2.65,0.00,0.00,16059.25,1451.35,0.00,0.00,0.00,43.53,182.43,5.14,0.00,0.00
Firm 67,211.84,0.00,0.00,0.00,0.00,44.21,0.00,0.00,0.00,0.00,73.10,0.00,0.00,0.00,0.00,2.75,0.00,0.00,0.00,0.00,270.55,0.00,0.00,0.00,0.00,6589.15,0.00,0.00,0.00,0.00,2564.58,0.00,0.00,0.00,0.00,71.91,0.00,0.00,0.00,0.00
Firm 68,0.00,0.00,0.00,0.00,0.00,0.00,0.00,0.00,0.00,0.00,0.00,0.00,0.00,0.00,0.00,0.00,0.00,0.00,0.00,0.00,0.00,0.00,0.00,0.00,0.00,0.00,0.00,0.00,0.00,0.00,0.00,0.00,0.00,0.00,0.00,0.00,0.00,0.00,0.00,0.00
Firm 69,6.14,2.96,3.45,0.61,1.23,22.99,6.08,4.17,8.11,20.48,23.50,51.96,15.90,47.88,8.72,0.62,2.17,1.23,2.45,2.15,4.06,7.08,2.23,4.62,0.81,21.09,1.85,25.34,2.93,45.31,1.12,8.27,2.83,10.52,5.78,53.59,51.72,32.52,51.26,30.62
Firm 70,5.24,1.10,7.02,1.71,14.77,25.49,5.40,84.40,34.31,89.72,114.28,19.48,80.95,154.95,93.13,0.95,0.18,2.82,2.74,0.23,5.17,26.75,22.76,19.62,35.03,25.04,174.77,68.51,8.68,58.42,-4.03,-9.43,-4.60,-1.01,-2.61,75.00,26.15,77.97,128.82,160.14
Firm 71,202.15,0.00,0.00,0.00,0.00,226.93,0.00,0.00,0.00,0.00,120.76,0.00,0.00,0.00,0.00,1.75,0.00,0.00,0.00,0.00,3074.26,0.00,0.00,0.00,0.00,1775.19,0.00,0.00,0.00,0.00,6069.40,0.00,0.00,0.00,0.00,586.84,0.00,0.00,0.00,0.00
Firm 72,294.91,308.59,65.07,264.25,497.26,67.52,336.22,216.78,378.16,300.15,1030.69,652.50,172.14,130.73,825.07,1.05,2.68,1.43,0.74,2.65,706.89,776.64,931.75,538.81,995.09,1868.17,1576.87,316.52,1720.35,1074.51,1075.13,1316.05,1498.53,1209.62,182.96,623.97,841.44,114.27,183.41,162.59
Firm 73,8118.73,880.74,6813.49,11752.06,4073.35,2801.48,2877.73,114.35,1482.49,4919.31,3967.23,1946.27,2475.18,2772.55,7597.49,1.61,1.65,1.79,1.88,3.87,4615.60,2419.70,10334.86,23667.38,6173.51,11279.35,49037.52,83617.40,11099.07,107522.90,15296.85,37272.15,71599.62,107893.78,55884.05,4761.75,1710.70,2581.69,1589.62,9960.39
Firm 74,290.73,103.28,316.66,188.84,359.47,498.84,497.12,192.69,104.01,241.24,781.43,610.92,931.29,306.24,0.59,1.90,1.02,2.52,3.50,3.39,250.46,485.17,563.95,353.34,523.23,1480.25,2071.04,24.94,1719.83,574.88,778.44,213.06,300.82,191.72,484.65,282.41,285.15,566.49,948.49,96.42
Firm 75,17.53,9.67,27.90,13.81,3.00,53.80,45.93,68.20,41.96,30.85,41.77,131.63,132.41,114.64,112.28,3.01,2.25,0.29,5.42,4.29,44.41,42.40,12.04,14.35,24.83,295.52,163.80,181.70,354.25,105.34,199.29,145.19,70.47,98.14,110.79,221.96,150.57,90.25,227.84,107.36
Firm 76,196.84,4143.66,4530.02,2643.36,1987.09,838.40,1143.68,482.55,1949.65,2278.65,372.51,1151.16,1448.87,1732.70,675.64,0.34,0.53,2.36,0.49,1.08,2855.24,2374.11,1631.94,2353.59,34.90,13801.11,2847.25,1752.02,27852.38,19484.54,7556.95,25805.94,6254.38,6321.23,16362.47,1983.34,1594.38,504.03,1842.90,145.05
Firm 77,0.49,0.09,2.04,0.25,0.06,17.07,13.46,9.90,1.30,2.30,9.34,45.36,12.78,1.31,7.99,4.24,3.98,1.95,5.63,1.36,2.99,1.25,4.77,0.06,0.46,8.48,8.19,48.92,23.47,2.23,6.30,1.97,13.79,4.21,15.58,33.40,14.02,10.27,6.05,11.17
Firm 78,417.38,396.40,323.07,506.37,27.63,90.53,140.39,60.50,121.47,168.79,214.30,567.74,487.40,13.89,19.81,0.42,2.53,0.85,0.26,1.30,239.27,457.01,685.61,512.56,1.23,153.13,549.01,1473.74,1166.34,1500.26,1401.17,96.14,1031.36,918.04,1255.52,308.69,75.41,176.94,370.14,137.65
Firm 79,765.00,0.00,0.00,0.00,0.00,446.20,0.00,0.00,0.00,0.00,806.78,0.00,0.00,0.00,0.00,1.22,0.00,0.00,0.00,0.00,53.06,0.00,0.00,0.00,0.00,1082.79,0.00,0.00,0.00,0.00,961.75,0.00,0.00,0.00,0.00,411.31,0.00,0.00,0.00,0.00
Firm 80,224.59,105.67,1744.48,924.91,3198.45,8.10,93.24,198.83,249.46,256.34,646.19,803.18,842.03,10.29,623.96,2.91,2.64,0.23,1.09,3.28,3133.35,2371.76,2646.85,377.13,2321.46,2790.85,1573.89,2193.99,633.50,1804.20,1081.02,1968.55,229.41,1818.77,852.55,45.22,463.49,435.99,252.26,258.62
Firm 81,0.06,0.18,0.19,0.02,0.13,1.08,1.31,1.20,0.55,1.66,2.63,2.17,4.57,6.31,4.71,0.99,6.59,6.79,1.69,5.14,1.14,0.12,0.10,0.19,0.07,3.33,5.94,0.96,1.88,4.27,-0.04,-0.38,-0.20,-0.05,0.29,3.74,0.73,4.23,0.67,4.60
Firm 82,178.44,93.35,563.09,734.70,386.28,481.79,330.31,232.54,163.77,100.53,343.00,967.54,374.83,697.36,61.52,1.34,2.43,1.36,3.33,2.39,379.07,583.04,25.91,785.65,433.75,763.06,2319.97,227.42,910.33,468.63,1153.17,711.19,631.10,54.39,29.93,109.23,652.08,353.98,680.68,923.23
Firm 83,0.00,0.00,0.00,0.00,0.00,34.52,17.92,16.50,22.05,21.08,6.99,14.42,9.11,2.22,13.32,0.51,0.03,0.55,0.14,0.76,0.00,0.00,0.00,0.00,0.00,23.87,17.66,38.61,0.45,28.17,0.03,0.02,0.00,0.02,0.03,10.75,6.88,2.40,8.66,5.02
Firm 84,0.00,0.00,0.00,0.00,0.00,0.00,0.00,0.00,0.19,0.00,0.00,0.00,0.00,2.79,0.00,0.00,0.00,0.00,0.78,0.00,0.00,0.00,0.00,0.00,0.00,0.00,0.00,0.00,3.66,0.00,0.00,0.00,0.00,4.21,0.00,0.00,0.00,0.00,1.69,0.00
Firm 85,0.00,0.00,0.00,0.00,0.00,19.78,24.81,11.74,23.61,3.48,34.22,21.01,13.97,20.93,16.44,0.11,1.73,1.58,0.82,0.14,0.00,0.00,0.00,0.00,0.00,30.52,15.74,13.71,0.21,45.16,5.95,15.76,13.31,17.51,16.20,35.53,9.86,9.03,8.52,25.23
Firm 86,42.31,5.38,3.90,21.36,8.80,54.97,15.11,18.09,1.43,30.66,61.87,40.44,13.57,66.21,24.71,0.48,0.03,0.40,0.25,1.91,3.59,192.03,195.14,34.39,43.91,371.14,132.47,100.55,296.28,137.07,352.42,477.28,474.09,77.20,83.39,22.27,36.11,19.17,30.68,44.72
Firm 87,482.70,701.49,672.97,695.19,75.39,28.62,74.32,115.17,136.84,78.81,173.60,174.98,101.21,149.79,92.65,2.30,2.60,1.49,1.09,2.36,2.35,132.01,366.42,200.92,229.90,64.97,317.84,261.12,179.06,356.00,39.34,107.64,71.04,12.94,128.85,29.18,151.04,67.00,82.76,230.34
Firm 88,4.28,0.10,2.58,5.82,1.58,18.08,4.76,13.76,7.51,7.63,11.48,8.46,13.40,5.45,0.07,1.45,0.66,0.93,2.28,0.57,6.04,2.21,6.06,4.92,4.54,33.47,32.09,45.03,12.71,1.73,19.17,15.18,17.81,19.34,12.45,16.10,19.28,6.29,15.14,12.81
Firm 89,0.00,52.14,399.61,676.01,481.65,216.66,94.66,44.13,147.75,54.99,979.08,8.43,725.76,413.48,725.47,4.37,4.09,0.78,2.77,1.96,0.00,513.92,217.34,296.03,107.85,1264.19,1402.61,5336.00,399.08,4594.02,7935.84,5830.26,4333.53,6731.48,9324.40,33.04,1032.53,874.33,1159.54,758.37
Firm 90,0.00,0.00,0.00,0.01,0.00,0.00,0.00,0.00,71.88,35.77,0.00,0.00,0.00,96.40,127.88,0.00,0.00,0.00,1.92,2.18,0.00,0.00,0.00,0.01,0.00,0.00,0.00,0.00,339.93,22.07,0.00,0.00,0.00,13.07,78.37,0.00,0.00,0.00,180.84,102.80
Firm 91,803.28,677.87,94.69,0.00,0.00,132.35,940.23,161.31,0.00,0.00,1190.76,1251.01,244.63,0.00,0.00,0.74,1.85,0.58,0.00,0.00,296.99,3386.54,3929.99,0.00,0.00,4052.84,2235.01,8303.83,0.00,0.00,5999.89,4229.00,8766.13,0.00,0.00,618.74,553.77,235.95,0.00,0.00
Firm 92,0.00,314.75,502.65,367.98,475.65,58.98,20.31,77.78,74.00,115.03,48.58,133.68,185.07,176.40,49.99,4.04,0.54,0.40,1.40,0.07,0.00,77.90,38.03,390.89,487.99,231.81,118.86,393.94,139.18,50.63,18.30,105.30,29.51,45.15,71.05,90.77,141.43,32.35,8.90,79.99
Firm 93,13.85,-1.28,-0.03,0.19,1.23,21.58,55.61,29.17,4.14,33.00,76.41,63.61,70.77,65.50,1.21,2.43,4.17,1.94,1.02,5.61,107.31,0.81,0.08,1.08,0.75,278.09,282.15,54.67,204.94,184.40,25.09,168.93,174.62,91.81,12.73,140.24,66.41,29.19,36.00,52.73
Firm 94,0.00,0.00,0.00,0.00,0.00,0.01,0.62,1.01,1.31,1.51,0.45,0.09,3.91,5.06,4.45,10.89,4.75,16.64,5.50,15.79,0.00,0.00,0.00,0.00,0.00,17.93,16.74,12.11,14.19,17.70,0.83,0.91,0.45,0.30,0.36,15.80,22.99,12.60,18.79,5.28
Firm 95,0.00,0.02,0.00,0.00,0.00,1.08,0.92,0.67,0.00,0.00,45.84,28.53,17.21,0.00,0.00,4.45,5.77,20.39,0.00,0.00,0.00,0.02,0.02,0.00,0.00,31.08,10.43,50.57,0.00,0.00,1.16,0.48,0.05,0.00,0.00,39.01,28.79,33.04,0.00,0.00
Firm 96,-0.02,0.00,0.00,0.00,0.00,10.37,33.59,0.00,0.00,0.00,52.95,16.39,0.00,0.00,0.00,1.76,2.58,0.00,0.00,0.00,-0.01,0.00,0.00,0.00,0.00,196.05,19.09,0.00,0.00,0.00,21.91,1.43,0.00,0.00,0.00,118.18,136.14,0.00,0.00,0.00
Firm 97,8.74,6.66,8.90,3.42,3.26,26.03,29.49,26.83,17.10,15.64,2.54,57.56,18.74,51.27,53.10,1.03,1.56,5.32,2.15,0.03,1.56,11.13,14.73,9.37,0.71,37.27,52.64,83.78,64.03,130.79,2.21,74.04,47.10,56.40,49.37,37.24,79.26,41.61,82.38,30.45
Firm 98,0.00,0.00,0.00,0.00,0.00,0.00,0.00,0.00,2.95,2.18,0.00,0.00,0.00,26.44,0.40,0.00,0.00,0.00,6.81,9.59,0.00,0.00,0.00,0.00,0.00,0.00,0.00,0.00,25.35,11.74,0.00,0.00,0.00,0.77,0.52,0.00,0.00,0.00,0.65,11.93
Firm 99,281.40,120.76,308.35,112.03,142.51,121.88,150.90,220.61,413.88,449.43,546.54,49.70,624.28,422.60,74.95,2.14,1.21,0.75,0.21,2.50,178.70,557.71,421.34,932.92,465.69,652.08,1244.26,1825.25,1007.84,1340.93,351.40,616.97,239.03,1119.74,1483.89,64.29,480.43,634.15,37.81,245.32
Firm 100,22.37,16.45,5.19,49.26,55.77,34.14,9.90,43.05,12.30,70.58,8.53,24.31,78.65,17.06,65.98,2.22,2.30,0.82,0.91,0.21,12.57,31.03,46.99,4.32,29.95,482.57,185.13,469.67,406.01,9.15,40.39,33.36,75.78,11.92,134.55,97.44,144.29,132.56,236.22,71.11
Firm 101,7932.40,3304.20,2397.45,4804.13,0.00,438.93,7521.08,7134.26,3369.61,0.00,2948.27,13609.70,14032.99,3133.62,0.00,1.99,1.41,0.14,1.88,0.00,12011.62,12883.17,3854.22,4418.48,0.00,172242.65,42380.33,176031.66,14345.26,0.00,161113.14,139711.91,184356.30,187041.54,0.00,3640.44,13153.10,11049.08,10807.46,0.00
Firm 102,0.00,0.00,0.00,0.00,0.00,0.00,0.67,0.00,0.00,0.00,0.00,3.75,0.00,0.00,0.00,0.00,13.67,0.00,0.00,0.00,0.00,0.00,0.00,0.00,0.00,0.00,3.17,0.00,0.00,0.00,0.00,0.04,0.00,0.00,0.00,0.00,11.73,0.00,0.00,0.00
Firm 103,0.00,0.00,0.00,0.00,0.00,1.01,1.63,1.12,0.54,0.38,65.59,29.05,18.47,54.30,7.26,44.41,11.53,2.60,66.24,10.24,0.00,0.00,0.00,0.00,0.00,78.67,69.86,64.47,5.48,29.48,0.65,15.37,0.61,15.92,2.29,15.17,54.73,47.92,22.21,0.47
Firm 104,12.74,63.77,18870.46,1697.62,6174.58,2.62,0.01,3.09,12.81,3.68,32.28,16.92,53.75,50.84,30.99,19.02,11.01,5.63,4.74,2.24,546.98,561.67,15841.84,1852.23,5256.83,3901.26,12133.98,3824.10,1234.96,5368.98,3697.04,2236.62,13256.68,4106.21,29518.37,46.74,6.65,43.16,19.37,60.00
Firm 105,41465.11,18539.93,-11.98,21335.96,2612.55,18258.89,17563.27,4194.66,16716.95,18335.57,965.55,28229.03,15399.78,479.86,17153.68,2.45,0.39,2.16,2.29,1.17,29995.22,362.69,11934.12,18504.74,5857.04,167831.82,330417.52,50705.87,169654.93,105212.73,211056.00,78969.87,281756.58,207902.76,175127.63,24780.60,26705.04,12254.77,25698.09,14418.77
Firm 106,127.70,174.05,208.01,73.76,0.00,210.38,11.30,234.54,100.48,0.00,155.78,363.65,14.71,76.30,0.00,0.71,0.93,1.51,2.07,0.00,118.00,65.19,265.45,137.28,0.00,4065.14,116.58,1836.97,2345.57,0.00,3868.45,3682.36,1516.98,3653.61,0.00,0.61,182.73,260.29,246.58,0.00
Firm 107,4240.17,279.98,3969.08,1213.26,2626.47,1430.85,2461.86,134.10,2123.07,974.42,2716.82,1766.10,1443.35,3503.79,2390.21,0.08,0.46,1.33,1.61,2.72,3523.33,5981.03,627.03,5989.99,954.77,2278.73,8101.56,10742.29,13522.85,2892.52,11193.55,3899.91,2959.62,5504.75,6273.19,2317.36,2609.06,2465.93,3278.55,2330.31
Firm 108,0.00,0.00,0.00,0.00,0.00,0.27,1.41,0.46,1.05,0.93,1.48,15.55,5.38,12.98,7.90,1.95,3.60,8.98,6.16,10.50,0.00,0.00,0.00,0.00,0.00,0.83,12.45,7.27,13.94,30.00,19.71,15.96,9.77,16.77,10.11,7.16,2.58,11.84,4.66,1.84
Firm 109,0.00,0.00,0.00,0.00,0.00,25.82,8.07,33.38,150.90,135.58,-130.32,-108.01,-82.48,-31.40,-150.31,-1.14,-0.98,-0.17,-1.19,-0.72,0.00,0.00,0.00,0.00,0.00,514.44,222.87,461.59,222.81,529.88,611.69,380.10,433.99,292.11,669.05,-45.02,-17.12,-51.17,-62.22,-118.10
Firm 110,-1.86,-2.19,0.00,0.00,0.00,130.16,65.15,0.00,0.00,0.00,75.04,113.86,0.00,0.00,0.00,1.63,0.51,0.00,0.00,0.00,0.79,6.81,0.00,0.00,0.00,3378.89,2383.86,0.00,0.00,0.00,1341.59,2974.74,0.00,0.00,0.00,37.52,71.47,0.00,0.00,0.00
Firm 111,4.78,11.81,11.57,0.00,0.00,39.16,49.15,42.04,0.00,0.00,82.22,66.40,135.03,0.00,0.00,2.08,3.56,3.09,0.00,0.00,125.89,16.31,3.79,0.00,0.00,153.62,494.10,404.69,0.00,0.00,285.04,134.55,276.93,0.00,0.00,235.24,134.87,152.69,0.00,0.00
Firm 112,0.00,0.00,0.00,0.00,0.00,0.00,0.00,0.00,0.00,0.00,0.00,0.00,0.00,0.00,0.00,0.00,0.00,0.00,0.00,0.00,0.00,0.00,0.00,0.00,0.00,0.00,0.00,0.00,0.00,0.00,0.00,0.00,0.00,0.00,0.00,0.00,0.00,0.00,0.00,0.00
Firm 113,0.00,197.69,200.16,155.13,143.33,105.01,170.11,99.92,100.16,187.67,162.80,2.00,16.34,64.61,121.89,0.47,1.41,0.87,1.72,1.18,0.00,116.69,91.77,237.42,118.45,67.39,301.48,0.58,470.82,66.63,167.46,34.57,200.61,355.11,392.87,126.16,210.42,175.70,177.87,204.36
Firm 114,2.89,42.38,100.76,118.88,255.91,73.61,4.54,18.81,41.00,0.50,110.28,4.27,47.19,11.56,55.64,1.69,2.62,2.12,0.49,2.05,3.33,115.94,153.22,311.39,112.25,2144.71,1021.19,2358.10,631.03,3258.98,4241.42,1928.03,4678.96,3379.94,1659.92,95.71,46.96,101.63,5.77,73.09
Firm 115,105.01,349.19,397.37,167.18,326.27,49.14,3.47,20.24,61.72,102.66,53.12,14.49,7.01,18.98,4.36,2.80,0.01,1.72,1.51,4.41,153.91,315.70,364.98,60.03,19.18,83.83,172.35,104.12,330.65,431.07,78.45,122.80,254.21,95.87,167.14,94.20,149.02,160.71,73.25,46.64
Firm 116,0.00,0.00,0.00,0.00,0.00,0.00,0.00,0.00,0.00,0.00,0.00,0.00,0.00,0.00,0.00,0.00,0.00,0.00,0.00,0.00,0.00,0.00,0.00,0.00,0.00,0.00,0.00,0.00,0.00,0.00,0.00,0.00,0.00,0.00,0.00,0.00,0.00,0.00,0.00,0.00
Firm 117,0.00,0.00,0.00,0.00,0.00,1.34,0.02,11.19,0.00,0.00,2.57,3.82,57.72,0.00,0.00,3.89,15.45,3.48,0.00,0.00,0.00,0.00,0.00,0.00,0.00,2.60,0.74,103.10,0.00,0.00,0.72,0.01,55.95,0.00,0.00,4.15,4.55,26.96,0.00,0.00
Firm 118,1.67,1.29,4.49,5.42,0.22,6.28,1.28,8.10,1.72,5.83,12.41,12.43,1.32,10.76,12.07,2.27,2.30,0.80,2.72,0.17,4.08,2.23,9.37,0.56,1.54,180.93,111.46,31.21,62.60,93.82,29.09,119.37,178.66,187.24,186.60,10.97,1.17,6.50,8.19,0.16
Firm 119,0.00,0.00,0.00,0.00,0.00,0.00,0.00,0.00,0.00,0.00,0.00,0.00,0.00,0.00,0.00,0.00,0.00,0.00,0.00,0.00,0.00,0.00,0.00,0.00,0.00,0.00,0.00,0.00,0.00,0.00,0.00,0.00,0.00,0.00,0.00,0.00,0.00,0.00,0.00,0.00
Firm 120,534.84,2406.78,6902.89,4542.24,687.59,1670.77,767.59,237.71,1477.83,1317.19,3435.41,2915.83,1519.06,2871.96,2219.64,0.04,0.71,1.40,1.34,0.95,1263.09,5740.06,3032.33,4823.98,131.68,96554.36,95640.78,83341.83,5905.20,6402.83,75717.39,78126.51,59619.10,37205.60,8037.48,1448.04,466.84,803.59,2982.18,1369.72
Firm 121,6.63,11.40,13.03,5.88,0.00,4.50,0.06,2.35,5.04,0.00,6.41,2.74,2.07,8.11,0.00,0.63,2.12,1.61,0.07,0.00,3.04,17.81,5.68,4.11,0.00,5.04,6.35,8.17,11.73,0.00,0.32,0.64,1.04,0.42,0.00,0.45,4.97,2.07,1.68,0.00
Firm 122,0.00,0.00,0.00,0.00,0.00,0.44,2.78,2.64,6.33,7.25,65.12,5.70,24.17,31.15,35.93,0.77,15.78,8.65,4.69,5.92,0.00,0.00,0.00,0.00,0.00,189.02,223.11,245.94,4.74,172.39,59.00,95.95,115.11,0.05,195.59,34.29,13.32,33.19,43.01,60.81
Firm 123,0.00,16.61,5.08,2.08,2.51,1.86,76.81,24.90,13.93,29.76,49.90,58.64,45.91,2.36,55.41,0.74,0.14,2.27,2.64,0.22,0.00,4.74,50.62,6.91,22.85,248.97,71.15,109.00,73.67,148.29,129.66,137.03,47.03,63.30,46.45,40.01,51.89,87.15,5.90,78.38
Firm 124,70.20,151.89,76.70,90.23,0.00,127.99,88.99,84.27,18.38,0.00,172.92,43.11,43.58,83.79,0.00,0.07,0.28,2.32,2.53,0.00,88.07,189.62,62.63,52.21,0.00,1548.38,994.47,958.15,171.83,0.00,441.75,897.47,1097.92,1503.41,0.00,3.20,166.41,79.48,87.82,0.00
Firm 125,0.00,0.00,4.37,0.00,0.00,3.59,0.16,2.68,1.64,4.44,9.45,23.17,0.59,4.98,17.33,3.52,62.59,3.84,17.83,4.87,0.00,0.00,2.60,0.00,0.00,9.05,14.06,39.32,10.51,15.23,0.44,1.76,17.58,1.96,6.85,13.86,15.04,24.72,20.24,12.98
Firm 126,0.00,1.16,1.89,2.75,3.65,5.52,0.70,0.63,6.75,4.79,24.22,17.70,2.39,19.31,14.23,0.65,2.43,5.44,4.17,5.26,0.00,4.26,4.31,1.73,2.21,24.41,30.26,23.08,22.24,51.44,4.62,11.61,13.73,27.25,20.08,20.48,4.80,10.69,21.14,21.89
Firm 127,0.00,0.00,0.00,0.00,0.00,0.00,0.00,0.00,0.00,0.00,0.00,0.34,0.02,0.19,0.01,0.00,225855.08,168645.75,84538.37,89529.28,0.00,0.00,0.00,0.00,0.00,0.19,0.00,0.24,0.63,0.36,0.08,0.06,0.30,0.26,0.18,0.23,0.08,0.10,0.23,0.27
Firm 128,0.00,0.00,0.00,0.00,0.00,0.00,0.00,0.00,0.00,0.00,0.00,0.00,0.00,0.00,0.00,0.00,0.00,0.00,0.00,0.00,0.00,0.00,0.00,0.00,0.00,0.00,0.00,0.00,0.00,0.00,0.00,0.00,0.00,0.00,0.00,0.00,0.00,0.00,0.00,0.00
Firm 129,0.00,0.00,0.00,0.00,0.00,16.79,13.49,0.48,8.39,14.31,8.30,23.55,56.24,3.41,45.74,2.54,0.86,3.51,4.40,2.54,0.00,0.00,0.00,0.00,0.00,273.53,216.71,235.20,27.45,203.05,93.06,46.90,88.72,8.15,289.34,28.40,7.38,40.80,30.46,24.52
Firm 130,21.57,4.29,5.09,2.54,11.17,9.61,8.29,4.97,1.37,7.02,10.74,2.27,6.63,0.39,7.23,0.75,1.48,2.13,3.92,2.78,14.40,22.83,15.45,7.91,14.19,251.47,209.22,179.78,3.50,19.64,72.35,279.20,279.19,62.51,314.47,5.04,1.40,11.34,9.82,15.25
Firm 131,300.30,11269.33,0.00,0.00,0.00,1407.65,0.00,0.00,0.00,0.00,30.82,1.35,0.00,0.00,0.00,2.54,926983361.36,0.00,0.00,0.00,360.33,1409.59,0.00,0.00,0.00,4727.71,8.14,0.00,0.00,0.00,39868.69,0.00,0.00,0.00,0.00,2236.97,9.57,0.00,0.00,0.00
Firm 132,1141.70,123.21,465.91,0.00,0.00,258.35,657.35,1378.68,0.00,0.00,1045.28,1088.36,1763.80,0.00,0.00,2.63,1.87,2.50,0.00,0.00,418.65,1356.27,1935.52,0.00,0.00,4682.25,663.47,2811.15,0.00,0.00,398.73,922.75,126.59,0.00,0.00,387.32,1173.46,965.34,0.00,0.00
Firm 133,0.00,1.05,0.19,1.94,0.81,32.17,46.59,20.10,2.05,1.73,82.66,94.09,23.65,0.80,8.53,3.76,2.98,1.99,2.10,6.20,0.00,19.34,12.50,1.61,1.00,354.44,863.06,20.05,40.76,7.85,728.36,1232.76,6.22,33.97,1.45,20.52,96.17,53.21,39.87,21.41
Firm 134,114.17,379.56,295.74,28.75,188.63,1989.77,2552.16,1801.36,720.55,126.81,241.35,2449.72,862.80,3452.21,1167.38,1.31,0.19,1.35,1.50,0.57,443.72,465.96,13.25,22.39,119.65,14487.60,12403.47,15437.24,8284.20,6672.28,3193.89,25867.07,8070.21,17118.13,14987.69,2960.70,538.13,2805.50,1939.98,1626.04
Firm 135,0.00,0.00,0.00,0.00,0.00,18.09,5.90,10.87,0.90,5.84,1.46,3.64,6.65,6.40,10.87,1.04,1.96,0.80,1.45,4.53,0.00,0.00,0.00,0.00,0.00,43.37,65.52,44.60,47.16,64.60,55.28,60.96,74.22,72.41,3.70,24.49,2.73,19.13,16.54,27.53
Firm 136,113.08,217.13,302.76,101.88,330.25,4.31,6.53,1.94,0.52,5.84,19.14,0.41,4.81,4.82,13.42,3.93,1.33,3.09,3.70,3.85,286.85,170.64,171.74,76.40,108.80,89.76,4357.83,2306.78,2667.75,200.91,447.36,6035.53,5775.59,788.19,812.49,0.10,2.28,7.89,12.46,8.18
Firm 137,0.01,0.00,0.00,0.00,0.00,88.84,57.94,92.79,79.92,14.71,77.81,162.43,69.92,126.86,74.40,2.07,2.02,3.13,3.22,2.77,0.03,0.00,0.00,0.00,0.00,341.47,423.71,349.07,226.56,328.09,292.61,333.54,36.25,191.17,256.75,88.71,62.23,40.34,167.73,130.48
Firm 138,13.86,0.51,13.23,0.00,16.55,4.06,6.78,7.37,0.00,3.70,14.11,25.12,10.06,11.15,0.00,0.26,1.19,2.80,0.00,4.92,5.23,5.89,20.83,0.00,10.75,13.22,31.02,19.05,33.95,15.10,3.99,0.33,6.49,5.11,7.43,4.30,15.83,7.96,29.26,22.02
Firm 139,700.60,678.89,1013.57,208.05,468.09,148.44,102.00,384.09,102.85,137.17,301.16,458.40,314.35,400.53,596.03,0.54,2.13,1.36,2.03,0.24,1264.61,1300.19,259.28,728.92,284.19,30.33,1114.23,2107.38,2396.78,1196.48,938.13,1378.29,987.44,1229.02,1323.43,381.87,226.48,406.64,23.36,358.74
Firm 140,1.90,0.00,0.00,0.00,0.00,0.85,0.00,0.00,0.00,0.00,13.47,0.00,0.00,0.00,0.00,6.43,0.00,0.00,0.00,0.00,4.39,0.00,0.00,0.00,0.00,25.04,0.00,0.00,0.00,0.00,4.81,0.00,0.00,0.00,0.00,0.83,0.00,0.00,0.00,0.00
Firm 141,0.00,0.00,0.00,0.00,0.00,84.41,192.14,196.50,111.66,26.02,-14.40,-83.20,-60.68,-19.44,-162.25,-0.64,-0.36,-0.85,-0.18,-0.30,0.00,0.00,0.00,0.00,0.00,7479.32,6022.89,2380.66,4821.31,5563.76,4007.77,2928.47,4563.60,628.03,5941.03,-64.39,-123.61,-29.28,-72.05,-84.46
Firm 142,0.00,0.00,0.00,0.00,0.00,20.30,0.00,0.00,0.00,0.00,74.98,0.00,0.00,0.00,0.00,8.83,0.00,0.00,0.00,0.00,114.05,170.14,108.27,103.97,60.99,5101.75,6198.68,926.20,729.70,4295.50,2844.07,3937.18,2630.70,4604.60,2020.27,131.30,137.50,89.49,84.72,66.18
Firm 143,0.00,0.00,0.00,0.00,0.00,0.51,2.84,0.83,0.74,0.83,10.93,9.95,13.39,12.07,0.86,9.19,5.00,5.42,2.72,5.98,6.01,4.47,6.76,1.86,3.96,2.18,13.63,3.35,15.81,5.51,4.29,5.34,2.44,2.91,2.72,2.30,3.98,3.09,1.56,1.30
Firm 144,3.67,1.82,-0.04,0.35,0.01,23.90,4.90,34.28,18.50,9.78,41.70,15.99,58.40,75.59,75.71,1.85,3.19,4.16,1.78,3.42,3.70,2.07,-0.16,0.48,0.00,3.48,48.27,120.74,124.35,70.68,14.85,15.87,48.38,41.27,7.77,51.91,0.34,36.28,44.50,39.60
Firm 145,0.00,0.00,0.00,0.00,0.00,2.14,2.67,2.29,0.63,1.82,1.44,0.26,4.59,4.45,5.17,2.23,1.47,4.10,2.60,1.75,0.00,0.00,0.00,0.00,0.00,33.81,28.80,28.62,5.82,23.54,42.31,10.83,17.08,13.16,11.49,0.39,3.52,5.27,3.09,3.88
Firm 146,0.41,0.35,0.41,0.23,0.00,1.78,1.76,2.43,0.52,0.33,20.75,8.38,33.48,18.44,33.11,16.85,0.56,11.71,5.48,19.14,0.46,0.11,0.06,0.24,0.00,44.43,0.32,24.21,50.84,41.83,3.05,3.50,3.08,1.62,1.14,13.23,30.34,7.64,41.32,16.12
Firm 147,0.00,0.00,0.00,0.00,0.00,4.61,0.66,0.12,3.83,1.04,15.57,4.99,22.02,4.93,16.31,4.15,0.46,2.87,6.91,3.23,0.00,0.00,0.00,0.00,0.00,2.00,15.86,15.11,21.55,21.76,15.21,6.10,1.12,1.05,3.05,2.51,7.26,0.67,7.85,1.11
Firm 148,71.34,101.61,83.91,16.38,94.71,121.98,99.86,76.37,116.77,69.02,63.85,112.25,118.47,80.10,106.30,1.20,1.81,1.48,1.50,0.17,32.97,18.33,18.12,106.56,79.78,7.90,8.13,129.98,145.49,126.15,-9.96,-11.66,-118.48,-31.17,-4.70,185.82,358.28,298.60,95.33,195.07
Firm 149,1.43,14.72,-11.01,0.24,33.66,17.56,6.49,11.18,3.38,12.31,2.09,34.85,16.07,13.17,31.01,0.40,0.87,0.32,2.08,1.80,117.93,41.84,114.54,33.50,46.90,224.36,20.23,233.21,127.21,225.56,124.29,282.05,155.55,235.68,133.22,26.21,21.63,12.84,8.45,18.26
Firm 150,125.10,560.71,993.39,1224.49,46.12,333.79,561.95,36.04,1404.57,106.57,555.99,96.60,33.74,1007.95,1193.31,2.99,0.19,0.12,2.33,1.03,727.54,155.71,803.71,192.49,99.50,466.39,100.69,243.03,9.05,-39.92,-550.98,-23.95,-1105.42,-390.75,-1487.11,921.97,39.77,1358.18,663.43,1305.32
Firm 151,-1578.07,10665.12,12231.91,7970.54,5554.25,777.62,1636.95,335.46,1468.62,478.90,2349.45,2362.54,1087.28,3449.00,1717.27,1.48,2.54,0.56,2.67,0.58,12222.42,8634.61,94.58,2494.65,15824.69,98684.56,64015.67,20473.15,68390.63,124326.02,96917.25,39148.64,93957.22,123163.64,93986.99,4277.72,1568.37,3102.82,2085.79,725.73
Firm 152,22.04,1.56,4.45,0.44,-3.17,14.17,6.96,43.78,1.39,0.60,58.81,52.07,65.11,73.30,2.07,0.98,0.65,1.54,1.44,16.90,33.58,21.57,10.25,0.14,-0.72,229.30,90.39,169.55,63.95,2.80,36.48,50.56,57.64,21.42,0.98,68.27,131.60,71.53,12.37,5.97
Firm 153,0.00,0.00,0.00,0.00,7.57,0.00,0.00,0.00,0.00,56.55,0.00,0.00,0.00,0.00,24.90,0.00,0.00,0.00,0.00,1.15,0.00,0.00,0.00,0.00,13.11,0.00,0.00,0.00,0.00,239.79,0.00,0.00,0.00,0.00,228.13,0.00,0.00,0.00,0.00,17.39
Firm 154,29.38,314.36,290.64,0.00,0.00,155.05,126.07,63.02,0.00,0.00,207.68,101.99,233.16,0.00,0.00,2.41,0.76,3.29,0.00,0.00,202.89,438.60,189.50,0.00,0.00,803.65,991.97,1126.50,0.00,0.00,752.77,456.22,63.04,0.00,0.00,232.25,204.27,252.59,0.00,0.00
Firm 155,31.46,0.00,0.00,0.00,0.00,56.24,57.57,82.56,26.36,79.70,177.42,250.11,328.16,288.20,52.02,3.10,0.01,2.55,3.68,4.03,49.24,0.00,0.00,0.00,0.00,124.16,333.45,584.98,222.11,138.99,322.88,194.23,9.70,186.50,236.36,341.85,10.85,140.55,176.73,96.98
Firm 156,116.12,89.48,12.08,73.20,72.49,28.21,483.13,236.76,551.75,858.84,490.14,285.76,69.76,962.06,303.06,1.25,0.45,1.46,2.02,1.76,45.52,72.09,120.12,10.62,88.55,14331.61,44.43,5398.88,4298.59,11404.08,7468.80,5952.14,3943.81,1649.50,7727.09,379.29,367.68,822.22,443.22,1077.69
Firm 157,0.00,0.00,0.00,0.00,10.41,7.58,13.15,2.52,5.46,5.86,137.75,141.45,112.45,70.81,136.63,8.73,9.75,13.84,0.19,6.36,347.16,265.92,414.37,51.67,221.59,993.19,325.23,433.50,730.78,873.89,449.87,586.47,33.41,82.65,612.50,133.22,65.14,45.15,89.36,58.33
Firm 158,525.85,425.14,1004.66,166.27,432.78,61.92,326.51,387.75,98.36,382.88,527.69,259.01,118.37,158.02,348.54,0.17,1.98,1.64,1.01,2.97,1181.78,664.27,696.01,1479.23,1212.33,984.85,1598.25,639.70,858.35,153.63,1583.13,54.36,1390.85,1178.24,730.74,120.75,450.94,30.09,620.34,364.56
Firm 159,0.63,17.08,6.12,38.88,1.55,85.82,56.82,66.02,85.35,101.64,101.89,204.11,237.74,225.51,190.04,0.05,0.71,2.07,0.54,2.78,308.96,144.47,93.57,318.65,29.70,355.32,106.33,131.75,151.64,608.38,153.44,107.87,335.55,89.63,175.59,230.11,61.58,192.86,67.34,248.71
Firm 160,0.00,0.04,0.00,0.00,0.00,0.00,1.07,0.00,0.00,0.00,0.00,10.01,0.00,0.00,0.00,0.00,0.68,0.00,0.00,0.00,0.00,0.03,0.00,0.00,0.00,0.00,10.97,0.00,0.00,0.00,0.00,17.92,0.00,0.00,0.00,0.00,6.12,0.00,0.00,0.00
Firm 161,18.28,7.34,24.52,12.97,28.91,1.92,13.91,16.94,16.24,7.85,31.31,51.03,17.84,49.00,20.11,0.51,1.63,0.38,3.64,4.14,0.16,31.41,31.73,8.14,20.14,40.55,55.16,50.85,85.93,87.24,11.00,12.40,18.93,11.52,16.87,28.74,49.58,33.15,36.85,32.42
Firm 162,0.00,0.00,0.00,0.00,0.00,0.00,0.00,0.00,0.00,0.00,0.00,0.00,0.00,0.00,0.00,0.00,0.00,0.00,0.00,0.00,0.00,0.00,0.00,0.00,0.00,0.00,0.00,0.00,0.00,0.00,0.00,0.00,0.00,0.00,0.00,0.00,0.00,0.00,0.00,0.00
Firm 163,0.70,0.58,0.50,0.56,0.00,0.38,0.39,0.35,0.62,0.00,7.27,0.92,3.67,5.96,0.00,12.46,21.87,21.53,23.51,0.00,1.05,0.72,0.14,0.44,0.00,32.49,15.18,15.43,0.05,0.00,10.65,12.06,9.22,4.78,0.00,7.00,5.54,6.33,1.69,0.00
Firm 164,7.70,340.79,331.33,246.99,0.00,13.17,95.72,93.09,50.53,0.00,347.87,328.11,351.67,321.47,0.00,5.40,3.40,1.79,1.14,0.00,291.91,97.52,238.41,147.41,0.00,107.27,325.47,252.64,103.24,0.00,47.48,4.87,7.37,8.18,0.00,71.33,302.09,27.27,282.95,0.00
Firm 165,36.03,121.24,41.86,330.34,299.40,148.85,95.34,182.68,24.71,222.65,286.26,345.56,70.94,144.59,123.92,4.77,1.52,0.20,1.93,0.54,227.82,300.04,22.67,583.13,649.68,814.93,2392.92,2661.29,3006.10,1273.24,1623.07,184.72,2185.64,1619.40,1594.85,381.63,334.08,236.26,144.53,104.11
Firm 166,0.00,0.56,50.38,0.90,3.59,12.30,11.82,5.54,15.71,13.17,99.00,74.75,37.35,20.47,34.76,2.33,1.70,0.08,1.57,2.83,0.00,13.93,16.98,7.55,7.14,96.49,13.04,114.81,88.82,43.60,8.49,23.52,82.26,58.83,63.00,11.30,71.99,19.29,23.80,13.08
Firm 167,0.00,18.22,5.12,9.39,0.00,8.86,6.90,2.26,3.13,0.00,8.92,20.61,12.67,11.20,0.00,2.95,3.58,2.81,6.88,0.00,0.00,16.15,20.65,6.84,0.00,1394.75,1294.49,775.97,1417.64,0.00,365.02,208.74,1407.14,810.76,0.00,4.66,4.89,15.02,14.56,0.00
Firm 168,0.00,0.00,0.00,0.00,0.00,0.90,0.04,0.46,0.27,0.08,2.88,3.15,3.52,2.24,1.43,2.51,8.38,6.14,12.32,0.19,0.00,0.00,0.00,0.00,0.00,4.68,0.81,2.23,3.72,0.27,0.26,0.10,0.04,0.01,0.00,0.16,1.35,3.79,4.32,1.31
Firm 169,19.75,15.11,45.95,0.00,48.93,1.65,6.12,1.70,0.00,23.11,0.06,6.51,39.92,48.31,11.18,5.13,2.45,0.53,0.00,1.81,14.76,49.82,70.43,0.00,14.00,227.44,259.52,304.43,5.78,399.71,113.42,213.00,194.33,85.43,272.74,51.40,38.22,19.18,19.43,48.47
Firm 170,7.67,1.55,6.58,3.79,6.43,4.21,2.92,0.51,13.83,19.22,30.08,19.46,22.02,7.37,4.85,1.81,4.02,3.90,4.71,0.48,9.17,14.56,37.44,6.58,40.63,61.52,46.73,5.04,79.00,121.47,21.09,48.38,5.79,37.95,68.79,16.09,35.58,32.65,13.19,6.79
Firm 171,45.23,2.50,84.34,29.89,0.00,9.03,19.61,35.15,1.18,0.00,40.87,49.59,51.23,42.21,0.00,1.80,1.51,0.87,2.99,0.00,49.03,52.22,93.93,118.64,0.00,4.78,82.17,128.85,285.67,0.00,76.82,96.27,112.44,163.37,0.00,28.56,42.98,56.84,22.29,0.00
Firm 172,0.00,0.00,0.00,0.00,0.00,9.08,8.02,8.06,1.42,1.32,34.63,50.92,19.52,2.85,36.04,6.28,8.99,7.71,9.38,3.75,0.00,0.00,0.00,0.00,0.00,12.05,90.07,103.23,31.71,11.41,25.42,2.65,23.15,8.78,1.43,39.65,2.32,0.54,1.15,10.49
Firm 173,0.00,1.12,1.21,0.11,0.37,7.31,7.05,5.14,8.15,8.01,34.02,16.24,46.47,14.95,42.00,2.04,2.90,3.01,3.52,0.88,0.00,2.64,2.71,2.71,12.18,25.80,0.75,53.03,6.47,6.94,0.54,0.88,2.93,2.58,-2.43,22.33,0.50,34.83,17.82,16.67
Firm 174,0.00,14.15,14.97,16.42,5.73,17.69,2.30,26.22,9.81,8.28,9.46,24.79,3.90,17.14,82.27,2.03,2.97,2.32,1.73,4.64,0.00,17.05,4.46,18.93,17.69,157.61,87.45,40.20,69.73,61.59,40.33,49.26,98.51,80.63,62.97,32.63,29.79,68.21,54.17,35.67
Firm 175,71.61,12.18,53.49,59.85,15.93,11.18,75.23,6.64,147.06,41.91,238.72,167.45,12.93,49.72,298.83,0.31,1.97,1.79,0.16,0.78,117.76,53.58,117.65,40.38,85.62,4104.40,1830.58,5029.36,7361.90,9697.93,519.00,4073.20,2411.61,7574.29,1810.87,118.67,31.75,154.66,278.43,444.67
Firm 176,0.00,0.00,0.00,0.00,0.00,0.00,0.00,0.00,0.00,0.00,0.00,0.00,0.00,0.00,0.00,0.00,0.00,0.00,0.00,0.00,0.00,0.00,0.00,0.00,0.00,0.00,0.00,0.00,0.00,0.00,0.00,0.00,0.00,0.00,0.00,0.00,0.00,0.00,0.00,0.00
Firm 177,0.00,0.09,0.02,0.11,0.13,0.00,2.86,1.23,1.09,2.19,0.00,20.71,48.10,19.74,45.27,0.00,9.09,26.28,1.58,12.23,0.00,0.11,0.00,0.12,0.26,0.00,11.83,3.09,1.49,34.75,0.00,0.28,0.01,0.30,0.63,0.00,26.55,26.22,41.93,50.61
Firm 178,16.63,13.05,14.62,24.90,22.32,10.89,6.62,7.90,8.63,7.97,8.82,6.97,18.04,0.04,8.98,1.97,1.07,3.45,1.08,2.93,27.27,26.34,11.13,46.29,17.13,20.35,24.70,28.16,30.98,17.91,12.27,3.62,2.85,8.38,5.27,6.65,16.77,10.05,12.40,10.40
Firm 179,2263.23,1028.36,537.28,0.00,0.00,43.27,1804.37,1258.31,0.00,0.00,2633.75,216.24,2865.82,0.00,0.00,2.57,0.12,0.00,0.00,0.00,3171.78,1063.22,5942.23,0.00,0.00,11085.70,7170.86,9632.56,0.00,0.00,1882.66,3722.88,7074.46,0.00,0.00,2633.67,2204.25,518.10,0.00,0.00
Firm 180,4.51,12.41,8.96,1.80,3.18,41.14,5.64,16.99,30.92,41.91,64.91,145.69,48.35,120.07,151.53,3.64,4.10,2.86,3.35,5.05,24.20,6.31,3.68,2.54,6.07,233.56,59.23,121.49,85.39,46.11,18.92,6.08,33.46,45.60,2.19,8.08,166.79,74.48,141.37,102.99
Firm 181,127.05,143.29,146.22,25.88,0.00,140.87,103.56,107.00,164.00,0.00,277.56,140.11,221.20,198.01,0.00,0.59,0.29,1.00,1.90,0.00,184.29,166.79,542.48,373.14,0.00,49.76,1552.69,2149.05,241.15,0.00,225.77,38.65,246.75,275.05,0.00,50.79,49.42,163.38,183.10,0.00
Firm 182,507.03,456.28,471.28,442.33,172.23,529.97,68.69,553.01,484.14,207.47,938.47,862.57,306.71,363.59,1011.07,1.67,2.29,1.42,0.53,2.89,386.34,839.41,529.52,281.79,582.06,5281.03,1846.12,949.24,2170.28,922.58,54.27,892.31,122.27,4087.79,4729.23,868.01,872.76,864.16,44.27,441.64
Firm 183,0.00,0.00,0.01,0.01,0.00,47.26,31.03,30.20,81.85,72.57,-92.29,-48.72,92.50,19.17,90.24,-3.49,-0.10,0.83,0.50,1.00,0.00,0.00,0.00,0.00,0.00,0.15,0.00,173.71,73.44,31.75,37.46,90.39,27.95,67.68,14.18,-14.57,-90.50,59.76,36.79,84.46
Firm 184,0.00,69.12,29.64,35.96,9.60,98.65,290.46,118.95,206.51,44.81,565.66,522.45,361.12,97.50,571.04,1.52,0.02,1.61,3.48,1.76,0.00,213.52,210.32,130.16,114.11,1969.60,963.27,1608.90,1321.00,1819.83,316.74,911.45,315.51,1174.10,168.37,242.03,119.81,138.81,282.11,30.74
Firm 185,0.00,0.00,0.00,0.00,0.00,0.00,0.68,2.52,3.40,0.06,0.00,5.20,4.66,1.03,4.24,0.00,5.53,3.88,4.15,2.45,0.00,0.00,0.01,0.01,0.01,0.00,0.12,4.17,2.52,17.00,0.00,15.76,17.29,12.31,8.23,0.00,0.01,7.44,7.24,3.72
Firm 186,0.00,0.00,0.00,0.00,0.00,2.42,6.66,0.70,7.82,9.81,149.58,152.14,90.41,157.56,28.87,5.56,42.29,42.74,24.78,10.57,0.03,0.03,0.03,-0.01,0.04,331.80,291.52,791.48,120.24,159.76,762.50,129.36,467.06,191.05,384.09,143.90,146.80,66.96,121.34,46.97
Firm 187,-27.84,6.39,1.20,0.00,0.00,32.07,8.52,4.24,0.00,0.00,56.01,43.78,75.64,0.00,0.00,1.14,1.90,5.01,0.00,0.00,44.58,49.07,8.31,0.00,0.00,110.81,114.26,234.61,0.00,0.00,187.82,137.92,110.22,0.00,0.00,23.66,49.60,17.70,0.00,0.00
Firm 188,70.33,2007.61,3059.39,471.30,-2054.55,1132.51,551.86,2953.34,2208.99,2862.86,5657.17,4240.57,7339.08,6517.99,4052.84,3.20,2.17,2.90,0.33,0.84,898.37,2989.56,2338.33,3177.66,1449.72,37369.68,56681.03,28757.34,41924.30,64983.79,22899.49,25323.79,19530.15,45330.20,2212.28,2738.29,2705.30,5562.95,5597.33,4728.01
Firm 189,0.00,521.81,58.81,537.22,172.46,13.53,16.54,5.28,11.79,15.20,24.33,20.51,2.64,15.61,13.06,1.98,3.78,2.95,1.33,1.47,0.00,427.94,7.69,389.26,257.75,2978.68,6246.10,5847.16,4166.68,3961.83,3427.67,3336.12,1704.63,1719.65,1985.35,36.44,4.50,35.05,1.21,9.81
Firm 190,0.00,0.00,0.00,0.00,0.00,0.94,2.32,0.10,0.79,1.05,20.55,25.34,14.85,23.86,6.67,2.46,11.02,26.49,11.60,0.27,0.00,0.00,0.00,0.00,0.00,13.50,90.01,79.85,47.61,34.05,41.03,55.14,51.76,30.12,30.59,7.74,2.07,3.11,17.35,21.02
Firm 191,0.00,0.00,0.00,0.00,0.00,2.03,4.46,1.38,0.00,0.00,18.71,0.46,10.77,0.00,0.00,7.04,0.67,10.89,0.00,0.00,1.99,1.49,0.72,0.00,0.00,78.52,156.43,8.93,0.00,0.00,103.72,38.44,83.41,0.00,0.00,19.18,26.04,17.82,0.00,0.00
Firm 192,0.33,8.12,27.97,22.56,412.95,36.27,47.86,51.45,276.93,364.11,9.13,252.98,173.89,189.98,404.56,4.12,0.52,3.53,0.85,3.79,5.22,61.35,36.59,41.62,314.42,29.66,-96.98,-207.36,-21.75,168.06,-53.68,-253.33,-655.55,-198.61,-443.60,87.60,47.93,212.44,383.47,358.22
Firm 193,237.44,130.56,50.55,256.57,0.00,105.85,92.21,80.51,58.14,0.00,146.80,112.73,142.58,139.99,0.00,2.73,1.17,0.13,2.43,0.00,92.50,180.50,379.34,558.32,0.00,127.44,116.52,184.39,118.52,0.00,25.18,60.20,48.45,59.97,0.00,54.04,75.85,72.03,31.76,0.00
Firm 194,7.34,3.99,2.06,23.29,19.38,7.34,28.50,10.72,5.42,23.38,40.09,57.86,42.20,10.13,4.60,0.93,1.11,1.09,1.66,0.93,27.98,5.70,18.85,10.99,22.14,102.25,97.97,22.60,3.62,76.16,24.81,45.98,46.52,26.78,11.31,27.91,18.08,45.39,33.12,19.80
Firm 195,52.41,69.17,34.46,70.20,2.99,24.28,6.20,24.67,17.29,5.94,43.32,17.28,34.82,29.83,16.67,1.27,3.40,2.59,1.40,0.05,31.01,19.28,1.26,46.54,77.34,13.41,17.10,39.54,17.51,26.82,3.42,9.63,7.16,7.49,5.84,22.52,40.12,38.14,48.43,37.75
Firm 196,0.00,3.52,8.92,6.84,6.66,4.14,11.94,10.82,10.93,9.53,28.78,0.35,6.33,67.72,45.47,4.10,4.68,6.58,4.75,5.77,0.00,23.69,54.31,19.57,27.42,7.41,96.81,65.94,51.20,31.92,45.55,94.79,143.77,141.56,28.14,22.06,54.72,53.08,47.00,28.14
Firm 197,0.00,0.00,0.00,7.86,60.45,0.00,0.00,0.00,39.17,57.64,0.00,0.00,0.00,235.20,480.20,0.00,0.00,0.00,8.69,3.24,0.00,0.00,0.00,113.89,975.46,0.00,0.00,0.00,71.66,1525.66,0.00,0.00,0.00,-0.25,71.29,0.00,0.00,0.00,357.72,796.32
Firm 198,0.00,0.00,0.00,0.00,0.00,0.00,0.00,0.00,0.00,0.00,0.00,0.00,0.00,0.00,0.00,0.00,0.00,0.00,0.00,0.00,0.00,0.00,0.00,0.00,0.00,0.00,0.00,0.00,0.00,0.00,0.00,0.00,0.00,0.00,0.00,0.00,0.00,0.00,0.00,0.00
Firm 199,1.22,10050.60,11509.51,3395.03,13133.46,1758.63,4068.12,565.33,1934.74,2918.79,146.70,3861.30,5029.63,2347.23,4213.55,1.63,0.83,1.80,1.97,1.41,29.26,4428.24,14072.91,9572.92,2305.41,43749.29,6628.60,80277.28,105105.15,155761.53,55781.70,57630.29,113049.73,126851.44,14446.43,3679.74,944.90,1911.60,2073.23,545.82
Firm 200,0.97,1.61,6.88,0.87,0.95,3.89,4.61,3.14,6.03,5.35,1.61,2.81,1.55,5.77,5.94,0.76,0.64,0.09,1.14,0.52,3.67,1.84,0.73,14.38,5.65,7.54,4.49,17.87,4.25,8.18,3.62,0.69,0.21,0.54,12.52,1.10,3.47,4.28,2.69,7.81
Firm 201,5.04,8.80,2.57,7.95,10.99,1.82,0.22,6.67,9.18,0.55,15.92,18.35,0.38,21.85,7.49,4.15,0.39,5.20,6.05,3.14,9.37,1.67,9.20,7.15,0.62,7.69,37.85,33.92,14.97,18.22,13.19,27.98,25.50,2.73,10.34,8.74,14.55,16.33,25.18,15.00
Firm 202,39.37,0.00,0.00,0.00,0.00,3.58,5.72,0.00,0.00,0.00,7.66,0.82,0.00,0.00,0.00,2.42,1.55,0.00,0.00,0.00,5.24,0.00,0.00,0.00,0.00,1.99,2.28,0.00,0.00,0.00,0.00,0.00,0.00,0.00,0.00,1.12,4.83,0.00,0.00,0.00
Firm 203,1328.94,1031.36,512.15,1871.57,1964.28,1305.59,1418.31,1032.17,786.94,12.51,1776.14,1174.42,398.53,776.00,595.76,2.42,1.64,0.75,2.33,1.42,2018.81,3338.72,637.03,2781.12,471.18,5317.21,5382.55,8096.21,771.74,2740.26,417.16,4592.25,19.55,3157.43,5979.77,258.61,1329.86,1831.33,757.87,966.22
Firm 204,15.78,17.80,10.17,12.08,18.94,14.49,10.71,4.61,3.32,9.20,42.50,24.55,40.15,23.24,19.75,4.34,3.24,2.91,1.98,3.73,10.36,0.14,7.72,25.78,9.20,33.73,82.27,77.20,5.24,70.80,13.07,40.22,15.99,3.17,17.90,27.38,34.26,24.48,24.12,26.32
Firm 205,7.80,-8.38,0.00,0.00,0.00,0.99,5.38,2.31,3.21,0.00,18.94,8.33,13.46,12.57,0.00,0.45,2.44,0.43,4.72,0.00,33.85,7.96,13.75,0.00,0.00,17.51,74.38,72.99,33.81,0.00,80.92,20.83,27.92,5.62,0.00,4.73,6.60,12.50,14.19,0.00
Firm 206,0.00,0.00,0.00,0.00,0.00,0.00,0.00,0.00,0.00,0.00,0.00,0.00,0.00,0.00,0.00,0.00,0.00,0.00,0.00,0.00,0.00,0.00,0.00,0.00,0.00,0.00,0.00,0.00,0.00,0.00,0.00,0.00,0.00,0.00,0.00,0.00,0.00,0.00,0.00,0.00
Firm 207,-0.96,-1.39,0.00,0.00,0.00,45.12,97.95,0.00,0.00,0.00,86.25,89.69,0.00,0.00,0.00,0.29,1.81,0.00,0.00,0.00,-0.31,0.10,0.00,0.00,0.00,1075.32,978.23,0.00,0.00,0.00,125.69,214.52,0.00,0.00,0.00,296.25,62.23,0.00,0.00,0.00
Firm 208,1521.20,741.52,137.79,2238.26,2076.83,19.73,52.01,27.20,27.66,31.37,29.50,14.00,53.20,20.10,3.34,1.01,0.44,2.03,3.38,0.26,343.53,3796.29,3096.54,956.73,701.16,37103.17,46455.29,40709.86,56732.67,54768.74,34038.08,16919.48,6066.27,7521.74,60409.18,10.23,56.32,31.09,70.84,94.34
Firm 209,0.00,185.13,142.85,142.42,107.81,0.07,1.56,3.62,2.11,0.52,10.11,7.93,6.45,8.48,4.18,7.49,5.92,6.04,8.35,6.12,0.00,500.71,8.72,241.66,20.67,1864.42,257.40,516.58,2143.00,1663.39,450.76,1893.55,1967.23,1662.23,310.34,12.76,6.42,10.86,19.61,6.14
Firm 210,30031.05,19261.41,41591.40,25473.31,60699.95,381.75,236.78,270.24,345.81,11.64,1031.48,925.77,1308.21,1446.85,994.79,3.59,0.92,1.75,1.32,0.16,18971.29,30581.96,74078.64,72456.77,69697.93,34203.90,83203.50,255817.90,477202.82,160518.70,244235.77,136676.33,362313.85,471074.18,12327.36,62.42,1216.37,18.00,445.73,1123.82
Firm 211,70.69,363.02,163.81,324.35,28.99,167.02,153.80,215.61,59.17,135.62,374.48,313.13,303.28,4.59,186.86,0.69,1.50,0.06,0.44,0.76,447.03,390.00,335.95,24.97,457.84,815.89,757.04,620.48,60.66,728.56,36.46,281.66,244.77,164.86,121.83,191.74,27.52,17.50,73.23,21.34
Firm 212,156.95,67.21,22.44,97.24,111.28,29.06,33.62,24.88,45.75,59.01,304.06,107.77,163.31,343.08,329.47,9.11,1.92,8.22,3.37,7.58,167.73,83.57,213.60,39.99,20.66,400.58,312.94,122.77,88.52,29.06,7.51,35.81,48.69,42.79,23.53,201.00,328.16,135.31,48.94,346.91
Firm 213,6.04,26.28,18.30,10.07,17.19,392.00,330.15,295.86,116.83,445.64,-106.97,15.47,61.90,112.20,299.01,-0.10,0.09,0.07,1.01,0.06,19.01,27.56,24.36,16.02,9.37,408.51,135.25,212.23,8.02,982.25,472.37,621.26,708.51,424.19,17.19,-24.93,70.74,112.99,193.53,198.26
Firm 214,2.11,1.66,0.58,5.80,0.65,5.42,15.61,13.03,6.83,2.83,39.37,51.65,15.36,18.67,53.57,1.02,2.20,4.72,6.09,1.05,3.26,0.25,2.24,1.01,4.65,56.26,16.68,35.12,105.85,69.39,15.95,60.41,12.35,1.99,48.67,8.25,12.48,1.21,10.22,53.45
Firm 215,0.44,0.00,0.00,0.00,0.00,1.27,0.00,0.00,0.00,0.00,0.52,0.00,0.00,0.00,0.00,6.21,0.00,0.00,0.00,0.00,0.91,0.00,0.00,0.00,0.00,6.26,0.00,0.00,0.00,0.00,0.85,0.00,0.00,0.00,0.00,5.81,0.00,0.00,0.00,0.00
Firm 216,964.55,846.03,0.00,0.00,0.00,3563.11,0.00,0.00,0.00,0.00,3539.61,6.63,0.00,0.00,0.00,2.13,999302877.18,0.00,0.00,0.00,2560.80,1768.97,0.00,0.00,0.00,133568.70,7.34,0.00,0.00,0.00,77527.59,0.00,0.00,0.00,0.00,670.55,1.73,0.00,0.00,0.00
Firm 217,0.00,0.00,0.00,0.00,0.00,24.92,22.65,32.54,0.00,0.00,18.35,118.54,166.73,0.00,0.00,7.28,5.47,9.13,0.00,0.00,0.00,0.00,0.00,0.00,0.00,70.74,28.54,5.43,0.00,0.00,3.42,2.94,0.05,0.00,0.00,85.54,147.43,129.21,0.00,0.00
Firm 218,671.84,324.54,30.99,0.00,0.00,327.34,127.01,9.21,0.00,0.00,451.61,326.18,348.46,0.00,0.00,0.83,0.58,0.19,0.00,0.00,599.21,43.81,633.11,0.00,0.00,758.03,116.80,1118.50,0.00,0.00,698.08,1078.89,315.74,0.00,0.00,457.47,30.19,301.08,0.00,0.00
Firm 219,19.67,18.10,0.36,9.53,8.30,7.04,3.69,4.90,0.72,0.12,23.94,17.36,30.10,50.63,20.86,6.43,7.60,10.08,4.08,4.90,36.52,8.37,3.10,9.79,19.76,60.51,62.28,28.98,68.49,67.61,15.69,17.20,39.91,4.91,52.80,51.51,33.52,32.68,49.76,40.63
Firm 220,0.00,26.99,52.09,51.61,26.70,0.44,0.08,17.47,2.16,2.91,6.80,16.02,22.83,22.23,21.38,0.70,0.45,1.67,1.46,0.71,0.00,36.43,43.82,27.02,4.54,39.88,31.28,29.71,49.10,29.89,23.51,18.83,16.84,36.15,12.89,2.70,16.20,29.58,42.87,20.33
Firm 221,1089.08,2827.09,2877.09,2038.52,1442.39,91.89,124.89,323.23,62.57,430.61,600.75,82.29,480.43,486.26,149.85,0.24,0.11,1.48,2.04,2.93,425.22,221.77,1174.89,2989.55,2164.01,1725.99,1562.85,243.76,368.55,1659.77,833.92,108.18,595.40,310.93,125.78,604.06,212.88,131.97,727.02,33.65
Firm 222,223.60,423.16,291.81,153.45,79.30,157.08,92.18,286.41,66.81,78.87,447.79,386.29,320.63,237.16,228.41,2.41,1.30,1.73,2.37,0.92,157.71,12.36,104.59,388.58,241.87,1254.12,939.96,492.14,1591.29,597.22,578.56,937.60,487.43,1343.58,1553.60,148.11,238.63,207.22,239.40,66.48
Firm 223,17.47,40.95,13.87,23.60,16.72,25.32,38.47,20.30,5.71,13.94,13.36,56.46,23.98,21.72,6.61,0.25,1.08,3.28,0.72,1.81,33.06,22.23,3.32,56.40,42.41,2.05,62.99,76.09,5.30,8.23,3.17,9.56,1.99,11.18,6.20,43.15,63.57,30.93,54.87,59.55
Firm 224,0.00,0.00,0.00,0.00,0.00,0.51,0.63,0.02,0.43,0.61,2.88,1.69,3.58,1.54,0.38,0.71,0.72,5.94,2.37,12.95,0.00,0.00,0.00,0.00,0.00,6.54,0.78,1.93,1.15,1.46,0.50,0.67,1.13,2.54,2.67,0.70,2.86,3.98,2.59,8.51
Firm 225,-0.04,0.00,0.00,0.00,0.00,2.30,8.99,7.06,0.00,0.00,-1.71,-1.92,-3.83,0.00,0.00,-0.36,-0.05,-0.17,0.00,0.00,0.00,0.00,0.00,0.00,0.00,90.82,16.63,67.07,0.00,0.00,91.34,57.44,16.11,0.00,0.00,-6.77,-0.60,-3.83,0.00,0.00
Firm 226,15.28,56.83,19.55,15.95,48.53,4.30,15.02,7.57,4.38,7.35,6.34,7.31,21.99,25.19,9.16,2.68,0.58,0.08,2.73,1.19,19.48,10.91,2.34,2.69,31.39,5.01,19.43,30.45,33.03,41.38,4.23,6.34,7.79,8.36,6.52,0.49,22.39,3.93,22.77,0.77
Firm 227,109.24,416.54,388.51,30.07,405.69,162.75,91.42,20.24,239.14,126.81,419.08,436.42,244.96,230.51,222.81,0.72,0.65,1.03,1.32,0.28,367.58,594.23,964.80,92.13,670.41,151.44,1127.31,1290.80,373.67,955.37,463.57,231.71,734.45,84.95,1545.62,14.31,322.53,292.22,255.67,195.60
Firm 228,3.16,6.00,16.83,3.74,8.38,5.78,9.71,3.60,9.70,30.35,5.06,51.69,11.53,8.66,40.47,1.65,0.39,2.53,0.08,2.34,9.41,1.42,5.52,19.44,15.06,29.61,92.53,20.59,10.28,81.53,10.01,51.77,29.42,10.56,24.29,32.59,53.32,28.76,37.17,49.83
Firm 229,228.72,117.14,322.19,279.58,532.42,174.68,250.56,456.85,176.22,296.38,1.66,641.46,402.23,344.82,9.45,0.01,2.36,2.03,1.34,1.79,122.91,253.72,406.43,475.92,218.92,1088.96,1253.66,1972.89,457.57,1618.41,807.95,87.98,392.51,843.89,577.78,705.31,778.53,397.40,326.31,773.54
Firm 230,0.04,-0.40,1.00,-0.02,0.00,7.02,16.80,13.22,22.94,20.03,2.32,26.07,31.10,41.89,25.92,0.41,3.84,2.89,0.42,0.40,0.04,-0.02,0.06,-0.01,0.00,80.70,166.29,100.11,14.90,81.02,53.94,13.58,19.18,37.20,51.21,26.75,35.76,22.44,6.98,46.90
Firm 231,14.42,7.25,18.97,40.72,64.36,59.15,8.26,16.66,12.49,29.69,24.66,37.15,81.73,5.27,136.35,0.18,1.06,1.13,3.09,0.96,281.48,106.78,240.30,561.59,417.67,19.07,24.25,989.39,1112.85,1082.27,428.91,458.61,172.05,985.15,781.33,31.47,29.64,134.69,57.47,149.28
Firm 232,0.00,0.00,0.00,0.00,0.00,0.08,0.61,0.05,0.48,0.46,6.96,5.61,0.45,9.50,5.78,11.07,4.29,17.37,16.88,28.76,0.00,0.00,0.00,0.00,0.00,6.05,0.18,11.85,12.38,0.03,0.06,2.99,0.70,0.91,0.75,5.98,6.72,9.93,7.00,2.81
Firm 233,0.00,0.00,0.00,0.00,0.17,3.34,0.60,4.20,6.40,3.21,3.68,23.94,22.80,16.12,7.96,4.38,0.72,3.30,0.26,1.98,0.00,0.00,0.00,0.00,0.00,155.15,68.02,152.30,183.87,173.59,41.76,75.30,116.75,159.82,253.43,16.22,2.65,2.62,5.54,1.86
Firm 234,3700.80,5344.31,1155.11,3998.98,1569.10,2540.58,3375.31,2125.73,2635.94,685.18,4080.16,2621.90,2220.42,6120.02,2526.14,2.20,0.41,3.60,3.06,0.05,5694.66,2437.36,1717.35,3665.82,4051.51,5687.85,24740.88,20811.03,9379.50,22514.71,2624.67,19871.99,12880.70,5025.34,19797.03,3075.92,2514.54,248.06,2912.46,803.49
Firm 235,0.00,2.93,2.92,4.59,3.72,0.34,3.04,9.78,2.84,10.25,29.46,9.14,38.32,36.41,30.08,12.65,2.61,2.01,1.47,3.04,0.00,0.70,5.75,7.54,4.18,129.86,188.75,149.14,213.23,182.57,3.21,84.00,101.02,143.75,139.64,29.05,13.74,27.23,53.72,38.89
Firm 236,80.25,29.82,3.25,97.31,166.95,96.39,48.58,85.65,71.42,195.00,234.28,29.32,260.95,153.70,25.77,1.64,1.46,2.10,3.21,3.22,142.55,124.01,127.24,73.10,174.18,503.11,586.83,671.62,787.05,901.04,176.77,38.71,26.42,86.41,610.46,409.94,137.18,75.77,456.20,65.32
Firm 237,0.00,12.63,95.93,68.09,16.91,89.13,18.24,129.23,200.29,158.53,288.92,276.91,35.24,414.57,127.59,1.07,2.60,2.71,4.01,3.27,0.00,112.31,389.81,37.16,67.30,223.44,1399.79,821.30,1380.28,2005.09,1114.86,424.36,954.32,1403.26,1576.34,16.43,206.65,234.22,606.98,811.52
Firm 238,0.00,0.00,0.00,0.00,0.00,0.49,0.20,0.18,0.50,0.00,0.83,7.17,1.44,5.68,0.00,1.67,6.18,4.70,1.80,0.00,0.00,0.00,0.00,0.00,0.00,5.81,14.24,3.61,8.39,0.00,0.55,1.87,4.02,2.97,0.00,9.01,7.76,11.21,3.56,0.00
Firm 239,0.00,0.00,0.00,0.00,0.00,3.10,0.59,2.31,1.49,0.00,1.90,0.79,10.03,1.01,0.00,1.19,2.91,3.44,0.99,0.00,0.00,0.00,0.00,0.00,0.00,14.11,4.93,19.10,13.90,0.00,4.83,4.65,5.15,1.17,0.00,4.58,3.01,11.11,7.72,0.00
Firm 240,681.96,588.76,101.35,1151.33,708.27,64.35,19.65,10.17,41.17,34.17,185.66,197.91,111.66,123.10,16.84,1.41,1.29,0.72,2.17,1.01,660.11,791.34,452.22,589.63,1100.62,355.47,47.16,145.63,144.95,21.07,27.30,64.99,35.01,25.33,86.99,336.71,296.64,4.38,253.13,68.11
Firm 241,5.15,34.63,2.03,10.90,72.43,16.35,38.77,15.23,38.90,18.79,29.61,0.62,48.24,1.56,11.42,0.36,0.27,1.71,1.35,0.92,35.55,38.77,37.78,90.30,123.71,115.90,269.31,248.14,205.03,136.10,43.98,249.94,215.76,40.46,262.42,4.60,29.36,27.53,57.83,37.20
Firm 242,558.25,455.44,860.09,48.20,0.00,197.99,290.67,379.45,220.27,0.00,632.53,422.10,167.61,538.30,0.00,2.36,1.66,1.81,2.70,0.00,224.65,718.37,767.41,635.15,0.00,972.97,901.38,1062.69,38.87,0.00,64.39,73.09,417.71,620.44,0.00,860.05,258.58,581.80,252.89,0.00
Firm 243,343.93,351.88,76.17,98.96,0.00,5.47,38.18,73.48,26.61,0.00,24.12,64.86,3.54,228.22,0.00,9.42,4.13,2.20,1.26,0.00,91.47,235.82,62.37,106.44,0.00,3.09,319.23,86.37,385.02,0.00,196.57,292.48,72.22,57.55,0.00,310.05,111.05,64.86,227.05,0.00
Firm 244,5.41,2.43,2.59,0.19,3.65,6.90,3.59,17.98,14.42,2.16,4.96,24.94,1.01,24.24,11.60,2.64,0.12,0.25,2.55,1.35,5.51,0.68,1.65,1.81,2.47,2.66,31.42,3.55,25.04,9.27,3.16,0.66,2.52,1.19,1.57,30.01,13.29,23.43,29.55,21.15
Firm 245,0.08,0.04,0.04,-0.02,0.02,3.17,19.42,9.65,24.51,1.64,63.69,13.63,24.99,53.76,60.67,3.60,2.09,0.20,3.54,4.92,0.03,0.00,0.02,0.00,0.00,135.72,275.13,38.96,76.74,211.08,26.34,50.85,142.95,74.65,46.23,79.79,58.95,92.07,52.33,47.11
Firm 246,75.57,31.69,142.79,64.46,39.84,11.79,165.07,136.31,130.27,290.50,26.11,62.70,14.37,266.57,500.50,1.30,0.39,1.67,3.28,1.28,148.85,134.13,359.02,76.52,160.94,135.91,150.60,222.50,276.79,218.04,10.98,7.58,86.61,199.92,298.55,145.21,214.30,173.79,206.24,183.86
Firm 247,2489.22,25897.34,6237.27,6512.23,191.59,76.52,56.92,18.73,1.02,12.82,317.34,162.72,65.79,96.72,23.98,1.59,10.82,0.14,15.21,7.97,5681.61,43569.20,12047.81,7300.86,9115.19,141289.95,169177.51,39018.01,50059.11,100085.10,122340.04,27871.14,131722.45,71269.55,79654.87,283.55,156.64,18.40,13.71,15.44
Firm 248,0.00,0.00,0.00,0.00,0.00,3.98,6.18,7.04,9.65,6.71,11.20,30.22,7.64,4.70,16.48,2.41,1.81,4.91,1.88,3.44,16.85,13.73,18.72,19.42,0.63,59.78,57.73,17.57,14.59,2.58,8.19,20.48,27.53,21.00,13.09,28.67,31.81,7.56,12.08,34.99
Firm 249,0.00,0.00,0.00,0.00,0.00,0.00,0.00,0.00,21.16,0.50,0.00,0.00,0.00,167.87,3.83,0.00,0.00,0.00,2.76,8.94,0.00,0.00,0.00,0.00,0.00,0.00,0.00,0.00,5.02,6.43,0.00,0.00,0.00,176.79,0.45,0.00,0.00,0.00,81.38,2.49
Firm 250,58.66,9.06,47.99,87.00,53.47,5.03,5.52,11.91,10.40,12.41,21.42,7.80,1.87,11.93,31.31,1.16,3.82,1.66,1.84,1.74,8.93,62.50,11.97,25.68,46.85,67.54,86.84,51.22,34.35,28.46,10.98,10.28,3.72,8.75,1.41,10.88,81.73,3.28,28.72,69.09
Firm 251,0.00,0.00,0.00,0.00,0.00,0.00,0.00,0.00,0.00,0.00,0.00,0.00,0.00,0.00,0.00,0.00,0.00,0.00,0.00,0.00,0.00,0.00,0.00,0.00,0.00,0.00,0.00,0.00,0.00,0.00,0.00,0.00,0.00,0.00,0.00,0.00,0.00,0.00,0.00,0.00
Firm 252,31.19,0.00,0.00,0.00,0.00,15.30,0.00,0.00,0.00,0.00,13.21,0.00,0.00,0.00,0.00,0.64,0.00,0.00,0.00,0.00,4.69,0.00,0.00,0.00,0.00,73.56,0.00,0.00,0.00,0.00,37.47,0.00,0.00,0.00,0.00,21.94,0.00,0.00,0.00,0.00
Firm 253,0.00,3.66,44.27,23.14,63.08,12.65,1.47,13.10,15.72,8.28,7.06,24.34,2.47,40.10,13.06,2.31,1.49,1.81,0.91,0.89,0.00,94.00,75.18,82.71,84.50,2.44,23.53,16.74,43.98,12.43,19.03,49.88,32.96,24.90,33.34,29.69,19.21,36.28,10.32,40.86
Firm 254,44.50,23.66,40.20,38.85,35.17,27.78,11.75,2.08,29.12,76.14,7.62,16.57,69.59,63.71,45.55,1.90,2.06,1.64,2.22,1.40,134.75,98.77,137.98,238.73,282.82,24.73,254.05,39.73,430.33,388.30,191.47,81.01,136.85,371.27,137.02,8.19,86.92,48.31,109.86,41.13
Firm 255,6.21,11.44,0.00,0.00,0.00,218.80,42.71,0.00,0.00,0.00,113.98,184.94,0.00,0.00,0.00,2.02,0.93,0.00,0.00,0.00,21.16,14.28,0.00,0.00,0.00,255.43,19.59,0.00,0.00,0.00,176.40,51.25,0.00,0.00,0.00,166.06,601.85,0.00,0.00,0.00
Firm 256,0.00,0.00,0.00,0.00,0.00,7.24,49.97,34.02,32.32,10.10,-4.60,1.01,1.85,15.60,17.84,-0.03,0.19,0.29,0.46,1.69,0.00,0.00,0.00,0.00,0.00,52.55,67.84,108.66,217.87,108.06,173.81,160.93,183.64,91.44,34.25,-5.09,0.01,8.50,0.22,10.29
Firm 257,0.00,0.00,0.00,0.00,0.00,0.00,0.00,0.00,0.00,0.00,0.00,0.00,0.00,0.00,0.00,0.00,0.00,0.00,0.00,0.00,0.00,0.00,0.00,0.00,0.00,0.00,0.00,0.00,0.00,0.00,0.00,0.00,0.00,0.00,0.00,0.00,0.00,0.00,0.00,0.00
Firm 258,0.00,50.07,29.16,30.28,106.59,24.38,15.77,22.88,19.11,32.12,53.90,125.11,56.94,53.08,67.54,0.45,5.37,2.66,1.07,1.28,0.00,73.19,82.97,112.35,56.30,156.60,153.75,23.84,53.99,52.53,7.00,7.48,16.26,12.17,3.89,75.43,90.84,117.78,5.20,17.01
Firm 259,0.00,0.00,0.00,0.00,0.00,0.00,0.00,0.00,0.00,0.00,0.00,0.00,0.00,0.00,0.00,0.00,0.00,0.00,0.00,0.00,0.00,0.00,0.00,0.00,0.00,0.00,0.00,0.00,0.00,0.00,0.00,0.00,0.00,0.00,0.00,0.00,0.00,0.00,0.00,0.00
Firm 260,192.39,148.11,184.21,212.20,146.00,77.30,156.88,167.64,56.88,32.79,219.50,80.76,298.68,121.11,14.27,2.12,0.28,3.26,2.40,1.67,73.27,378.26,28.20,239.86,269.37,802.97,978.11,1050.97,718.13,614.42,418.99,307.50,813.38,581.84,200.00,238.73,238.14,170.50,119.39,234.92
Firm 261,0.00,0.00,0.00,0.00,0.00,0.00,0.00,0.00,0.00,0.00,0.00,0.00,0.00,0.00,0.00,0.00,0.00,0.00,0.00,0.00,0.00,0.00,0.00,0.00,0.00,0.00,0.00,0.00,0.00,0.00,0.00,0.00,0.00,0.00,0.00,0.00,0.00,0.00,0.00,0.00
Firm 262,0.00,68.21,46.47,8.33,15.38,56.32,1.79,142.29,45.74,4.12,155.88,164.27,17.94,35.77,55.70,1.47,1.40,0.56,1.83,1.71,0.00,162.82,345.44,418.37,99.34,1408.29,373.14,920.18,285.24,787.37,648.57,489.20,692.75,988.07,772.62,153.96,59.45,234.73,238.24,152.70
Firm 263,0.57,79.73,44.37,7.03,80.99,78.67,173.20,61.18,67.32,54.71,325.66,137.79,1.17,276.40,62.56,0.79,0.50,0.13,0.52,1.40,58.49,108.24,69.91,93.37,52.77,304.79,1647.50,1012.76,151.40,1120.14,1824.97,551.15,1986.05,810.68,2719.92,314.76,263.19,166.11,250.44,34.98
Firm 264,169.92,338.16,65.11,40.25,2.14,192.69,48.12,47.79,154.80,160.38,212.19,28.51,124.37,249.77,107.02,0.90,1.33,1.50,0.18,2.12,283.88,264.10,181.96,48.42,36.14,531.84,226.28,142.02,449.40,140.96,30.08,587.92,733.35,304.52,561.52,23.68,165.16,59.44,62.05,94.65
Firm 265,104.52,37.10,26.88,68.65,0.54,89.89,78.36,84.33,132.50,128.34,34.71,145.96,232.85,253.30,96.39,0.07,3.77,2.83,0.61,0.77,113.93,36.77,21.51,12.16,32.58,797.84,353.83,52.31,243.15,992.32,185.78,91.02,786.08,339.59,1002.59,173.40,210.40,178.73,135.83,127.66
Firm 266,1337.91,983.21,860.37,997.92,30.08,787.47,458.17,241.15,454.04,556.36,603.13,582.34,450.23,146.20,921.25,1.21,0.20,0.32,1.21,1.30,633.04,126.34,1656.45,1346.22,924.94,3052.70,2459.10,1722.48,3442.71,1301.32,2551.91,733.60,1853.18,1009.49,1854.87,839.56,1125.79,486.91,655.21,1280.45
Firm 267,61.41,457.29,706.55,0.00,0.00,180.34,309.88,42.58,0.00,0.00,544.54,488.24,837.83,0.00,0.00,0.46,1.51,1.65,0.00,0.00,614.45,287.79,391.77,0.00,0.00,92.50,123.40,1335.58,0.00,0.00,503.06,1372.49,1533.58,0.00,0.00,218.27,198.52,582.01,0.00,0.00
Firm 268,132.10,42.63,269.13,0.00,0.00,3.04,56.08,137.48,0.00,0.00,52.19,34.32,111.85,0.00,0.00,0.86,7.01,4.74,0.00,0.00,10.68,266.19,221.49,0.00,0.00,237.69,10.17,1092.18,0.00,0.00,393.53,365.07,121.30,0.00,0.00,8.65,616.97,302.41,0.00,0.00
Firm 269,0.00,0.00,0.00,0.00,0.00,21.31,16.16,2.14,7.28,0.00,9.12,10.03,0.56,1.30,0.00,1.24,0.16,0.38,0.34,0.00,0.00,0.00,0.00,0.00,0.00,27.31,44.12,27.36,36.18,0.00,86.11,53.88,45.64,8.13,0.00,2.03,14.33,5.53,7.85,0.00
Firm 270,0.00,0.00,0.00,0.00,0.00,0.38,0.21,0.26,0.17,0.00,4.07,3.33,6.04,7.11,0.00,4.57,4.14,2.73,2.21,0.00,0.00,0.00,0.00,0.00,0.00,2.75,10.37,4.15,1.71,0.00,0.84,0.45,0.01,0.16,0.00,11.02,9.25,0.08,4.61,0.00
Firm 271,0.00,0.00,0.00,0.00,0.00,2.03,0.39,0.83,0.69,0.01,5.86,3.12,0.79,3.76,3.07,5.42,1.72,11.59,7.67,15.71,0.00,0.00,0.00,0.00,0.00,10.08,6.25,3.74,8.25,6.27,0.85,2.52,0.49,0.67,1.79,2.66,4.33,7.04,5.91,1.23
Firm 272,1385.63,263.29,723.06,1017.00,0.00,551.73,853.46,1.31,573.69,0.00,180.37,266.02,2117.48,2876.48,0.00,1.02,2.65,2.45,1.60,0.00,381.82,2469.62,1024.22,149.18,0.00,6384.76,14750.53,1188.54,29406.49,0.00,17435.70,19909.93,937.43,12271.45,0.00,1995.42,325.39,1105.10,633.59,0.00
Firm 273,47.65,25.15,22.80,5.25,6.65,7.85,7.81,0.39,6.31,0.98,6.72,7.71,2.51,1.13,16.90,4.22,0.94,1.25,4.91,4.28,7.14,20.31,0.14,14.31,35.47,20.90,10.77,26.98,7.60,24.75,4.32,4.90,0.83,4.69,3.94,14.38,15.78,18.89,11.36,2.58
Firm 274,5.76,5.86,2.37,7.13,-30.18,8.18,5.38,1.37,3.85,11.15,32.26,28.25,18.94,3.86,134.99,0.14,2.06,2.90,3.04,1.22,2.01,21.77,29.04,31.16,1.53,8.00,52.90,47.59,30.97,1344.51,12.94,17.36,26.09,3.74,84.54,15.01,7.78,15.07,12.10,49.45
Firm 275,32.36,49.57,155.76,138.93,87.23,247.68,16.13,258.90,222.61,185.37,732.55,529.94,576.77,611.47,249.40,2.77,2.14,0.39,4.08,3.30,94.82,326.81,541.71,585.05,1005.91,702.30,65.88,473.68,25.61,480.69,299.85,746.45,399.25,1015.55,45.21,320.55,195.10,666.77,441.53,151.35
Firm 276,0.00,9897.77,2565.77,1179.99,3073.77,131.03,310.56,89.45,150.30,263.17,462.65,171.82,565.66,483.43,209.63,0.01,2.41,1.65,1.47,0.81,0.02,861.81,9830.58,5385.56,5587.21,24289.62,17187.89,34505.20,19144.03,56366.87,3669.82,3226.16,44395.67,47144.67,49396.06,261.85,8.01,249.10,680.62,257.56
Firm 277,-0.44,-0.03,-0.16,-0.03,0.00,0.39,1.80,1.49,1.32,0.00,4.72,8.86,1.95,1.98,0.00,9.46,2.21,7.51,10.60,0.00,-0.04,-0.07,-0.03,-0.05,0.00,1.62,22.73,10.52,20.38,0.00,8.58,1.30,3.76,6.74,0.00,6.59,2.67,5.14,1.14,0.00
Firm 278,2.58,0.02,0.00,0.00,0.00,3.73,0.38,0.25,0.03,0.49,13.05,0.78,4.42,5.77,9.87,0.32,6.72,25.87,13.61,24.75,1.33,0.00,0.00,0.00,0.00,6.77,0.45,3.24,7.48,9.78,4.31,0.03,0.17,0.01,0.10,6.50,5.71,0.52,0.70,0.01
Firm 279,45.00,72.12,13.60,12.31,25.94,25.22,8.36,81.82,2.82,24.66,96.18,74.19,121.21,12.52,85.34,2.59,2.50,0.34,1.11,5.77,113.54,155.28,140.22,1.79,10.40,50.52,152.35,290.89,50.81,66.77,13.46,31.34,137.43,50.72,54.18,48.44,129.96,47.20,32.10,131.76
Firm 280,65.10,78.77,105.99,97.37,1.73,6.93,192.44,196.33,141.51,184.66,66.41,644.47,522.89,554.62,702.55,3.43,0.96,3.60,5.36,3.03,26.27,7.45,476.83,100.11,1031.35,287.71,659.32,2639.75,466.89,1702.42,1622.34,1579.06,235.03,828.41,1213.39,659.26,279.85,211.47,592.34,280.84
Firm 281,198.56,1557.87,1286.90,208.09,861.53,216.36,1357.30,958.39,1116.76,685.97,2070.11,55.27,626.83,27.02,457.04,0.55,0.95,0.38,2.42,0.15,1317.92,2364.47,1588.17,751.15,1826.84,4724.35,2966.38,8489.46,5473.30,6788.03,1209.39,237.67,560.58,4479.29,4652.86,1588.37,1023.74,1993.63,750.68,365.96
Firm 282,0.00,0.00,0.00,0.00,0.00,3.93,16.63,7.40,6.54,1.00,43.73,9.67,33.08,47.20,37.21,2.72,5.24,2.91,24.39,25.15,36.81,58.93,11.64,49.22,31.09,473.26,200.57,308.57,168.89,26.10,66.84,35.37,390.12,19.60,92.76,61.36,31.85,37.78,87.84,52.88
Firm 283,7.14,14.29,9.70,2.72,12.28,26.36,50.98,40.00,9.21,9.04,314.17,306.73,231.28,372.16,538.22,4.79,3.67,5.03,0.15,2.71,16.96,4.74,1.90,11.41,12.80,236.02,248.57,1044.35,292.86,213.96,281.52,133.43,416.15,460.07,168.01,195.81,171.01,414.43,499.70,526.70
Firm 284,65.98,127.86,22.73,127.62,44.75,461.06,475.07,370.31,162.31,211.71,220.47,356.31,560.13,445.27,48.88,0.09,2.11,0.33,1.46,0.74,151.29,0.88,23.65,144.39,30.08,325.40,26089.46,19325.48,10843.35,17974.73,14310.25,10202.62,14662.07,12641.55,3108.04,1072.05,540.98,408.62,591.74,429.37
Firm 285,79.01,388.19,258.37,267.69,25.53,144.23,48.00,170.97,151.60,187.72,120.90,71.25,137.31,361.61,54.60,0.39,0.93,1.51,2.17,2.91,289.91,499.39,469.21,99.55,44.14,513.39,873.81,68.66,1720.02,1270.71,1381.04,175.55,163.78,1443.31,784.57,70.92,36.22,172.08,225.03,250.87
Firm 286,129.62,76.69,62.61,1.08,68.04,34.41,164.58,103.82,32.73,13.95,12.91,9.00,266.98,86.98,135.19,0.23,0.07,0.37,1.58,0.37,434.01,463.48,325.92,104.30,37.50,1403.45,840.59,1616.45,1022.06,3169.16,329.35,601.14,1207.79,753.10,2430.77,102.74,142.90,35.67,94.72,508.90
Firm 287,0.96,38.09,89.35,81.87,106.92,2.36,25.66,28.14,25.55,40.11,26.08,180.61,144.51,19.50,156.20,2.56,1.30,1.83,0.30,4.39,86.78,43.85,7.07,100.93,74.72,277.08,130.07,118.29,105.16,376.53,4.66,120.94,59.76,183.77,148.86,73.85,171.94,122.01,36.76,229.11
Firm 288,117.91,197.99,80.18,256.19,425.57,123.05,132.57,24.28,69.62,156.53,227.95,176.92,391.41,10.64,432.43,1.74,0.87,3.48,3.66,2.43,19.34,244.52,2.10,254.94,444.89,695.48,429.07,848.27,1149.33,1319.95,73.51,70.52,714.81,283.14,118.00,180.79,124.16,295.51,44.46,342.10
Firm 289,3.05,10.51,0.96,-0.15,0.00,0.75,1.65,4.92,0.23,0.00,5.94,4.35,4.74,8.40,0.00,1.26,1.38,0.14,5.85,0.00,8.06,1.59,1.08,-0.06,0.00,17.15,8.19,10.00,17.23,0.00,4.86,1.59,2.92,0.22,0.00,9.31,9.77,5.48,7.93,0.00
Firm 290,75.22,10.97,83.98,84.01,0.00,57.24,3.39,56.53,59.12,0.00,165.30,14.71,112.60,37.47,0.00,0.02,1.14,2.76,0.91,0.00,114.16,32.50,52.49,27.73,0.00,335.82,189.11,116.53,376.91,0.00,81.36,152.68,15.58,2.21,0.00,193.69,1.00,111.43,70.89,0.00
Firm 291,0.00,0.00,0.00,0.00,0.00,0.12,0.04,0.07,0.04,0.00,1.49,10.40,8.76,1.23,0.00,170.16,68.54,102.45,125.19,0.00,0.00,0.00,0.00,0.00,0.00,21.23,5.26,3.88,1.30,0.00,0.60,2.48,0.52,0.11,0.00,11.48,5.31,0.21,0.48,0.00
Firm 292,55.83,287.92,6.76,21.09,19.94,18.45,259.83,155.33,351.14,64.46,225.35,1122.63,524.79,531.56,62.66,1.99,2.96,3.46,0.67,2.17,654.88,816.68,290.95,258.45,263.24,59.82,2754.35,239.86,1732.32,973.85,618.79,1211.34,402.64,150.99,63.17,677.59,681.29,229.73,751.51,802.35
Firm 293,0.14,0.12,0.00,0.00,0.00,25.34,72.93,0.00,0.00,0.00,51.54,41.02,0.00,0.00,0.00,5.07,1.67,0.00,0.00,0.00,2.44,0.75,0.00,0.00,0.00,87.03,195.44,0.00,0.00,0.00,143.19,54.45,0.00,0.00,0.00,95.59,157.36,0.00,0.00,0.00
Firm 294,0.00,-0.01,0.00,0.00,0.00,203.98,55.98,62.95,33.80,6.93,215.06,233.37,61.39,41.40,68.14,0.49,2.81,0.48,0.17,1.85,0.00,0.00,0.11,0.12,0.00,719.84,866.54,149.91,707.97,60.36,992.13,101.62,537.88,912.05,734.61,154.91,78.83,29.58,9.37,126.28
Firm 295,442.04,457.89,2629.88,2851.48,1396.30,1869.77,2355.25,1117.10,5929.51,4143.09,947.64,4273.68,793.27,2877.16,10287.31,1.94,3.03,3.84,2.03,3.28,1087.38,3195.33,2815.83,978.81,365.44,25145.98,9452.63,10765.14,7583.19,16320.07,2819.60,8183.85,19668.58,9080.84,2225.16,5807.84,12558.22,3499.40,10554.11,8279.52
Firm 296,0.00,4.90,16.20,17.99,2.17,1.56,4.37,3.19,6.75,1.30,0.94,0.52,1.62,6.83,2.19,2.03,1.34,2.17,1.23,1.80,0.00,7.60,2.70,5.83,6.26,4.44,4.04,19.82,24.00,25.01,5.51,1.99,3.60,19.49,16.12,4.09,2.67,3.55,7.90,3.05
Firm 297,2.15,15.73,1.59,12.02,13.24,24.46,23.36,12.20,6.61,5.75,33.19,6.92,37.02,11.16,3.59,0.49,2.20,0.36,1.36,0.02,13.29,3.82,8.74,6.03,18.07,199.64,3.68,136.46,7.17,118.72,86.83,85.72,36.19,143.28,21.13,10.77,43.25,4.40,31.05,11.83
Firm 298,-33.66,204.04,197.99,202.56,844.10,2446.34,5481.74,4941.52,1564.91,4210.09,5837.82,2410.29,7476.24,1623.54,3790.57,1.11,0.35,0.22,2.29,1.15,184.45,408.32,1003.29,304.69,1087.45,23980.76,23680.65,69117.50,46198.60,68871.79,61401.11,62209.60,53120.16,56962.79,118464.73,4071.26,540.82,6868.62,5679.48,10673.96
Firm 299,0.00,6.59,11.19,12.54,21.52,36.38,35.40,43.10,91.44,76.28,149.06,251.19,65.54,17.52,73.59,3.92,1.35,4.02,1.19,3.68,0.00,68.72,83.56,124.98,166.80,386.22,682.53,70.95,411.71,24.47,124.53,257.44,373.99,406.82,58.74,104.19,24.24,144.55,112.88,104.09
Firm 300,0.00,0.00,0.00,0.00,0.00,1.25,1.57,1.46,1.58,0.31,12.98,20.94,6.57,21.06,23.17,3.41,1.65,8.42,6.58,20.47,0.00,0.00,0.00,0.00,0.00,10.06,23.09,4.67,18.05,19.47,0.18,1.84,0.69,1.87,1.03,24.84,5.98,6.76,18.70,18.97
Firm 301,-1123.89,325.97,615.72,1962.98,4643.04,868.37,824.94,330.95,1427.31,1894.03,1229.76,1695.97,2334.84,1005.31,1256.11,0.24,0.95,1.08,1.22,1.92,2339.22,4340.87,907.30,1801.97,2471.33,23961.16,25019.43,22305.61,16237.25,22536.63,3264.45,15893.07,14818.61,10750.09,8013.51,1584.39,1068.30,742.65,766.00,2833.21
Firm 302,0.00,35.33,49.56,38.83,1.33,80.43,66.47,21.02,42.22,2.83,47.42,119.02,174.78,47.43,102.49,1.62,1.19,3.40,1.85,0.76,0.00,324.83,72.78,251.43,48.71,878.42,389.25,403.02,776.92,121.48,692.21,1053.99,130.06,948.11,767.25,14.95,142.85,142.99,12.15,16.57
Firm 303,0.00,-0.05,0.01,0.03,0.04,15.63,3.86,7.25,6.98,6.17,27.89,28.90,25.65,12.00,10.83,2.88,5.76,1.83,1.18,0.61,-0.01,0.00,0.01,0.01,0.00,67.82,10.83,21.97,32.45,17.29,28.08,22.60,27.98,18.44,19.23,25.45,22.79,4.53,12.80,6.05
Firm 304,29.65,22.89,3.01,18.04,23.96,6.19,17.93,9.63,3.01,13.81,12.62,2.42,18.90,10.37,18.87,2.26,0.03,2.48,0.35,3.04,33.08,31.71,22.29,8.69,22.61,65.07,241.22,131.34,53.33,191.68,129.33,56.09,173.10,239.58,294.77,4.96,6.55,17.14,15.41,3.71
Firm 305,0.00,161.09,154.64,795.43,763.97,39.88,13.25,84.02,57.01,22.97,66.19,3.61,51.89,65.79,34.69,0.07,2.80,3.02,3.02,3.11,0.00,1609.00,666.95,1182.35,1379.13,21088.35,8886.26,12410.11,975.79,5186.84,8520.86,4392.40,11924.24,6935.94,155.52,16.70,8.04,29.59,21.61,35.80
Firm 306,0.00,0.00,0.00,0.00,0.00,2.42,0.59,0.49,0.61,0.00,11.45,14.98,0.78,17.48,0.00,13.55,4.65,13.30,5.26,0.00,0.03,0.00,0.01,0.02,0.00,52.11,2.60,21.83,16.26,0.00,22.05,9.52,11.34,2.54,0.00,4.84,12.36,12.01,2.31,0.00
Firm 307,1.35,16.91,3.62,12.86,35.82,16.21,7.71,8.08,4.94,4.87,2.24,31.36,41.33,18.97,5.13,3.74,1.02,2.52,2.37,0.09,35.80,10.04,21.79,34.43,5.65,39.18,25.77,83.50,58.83,89.99,21.85,36.78,17.68,36.85,12.92,36.15,44.62,37.96,29.16,41.45
Firm 308,48.31,70.45,66.52,73.61,26.64,10.58,6.78,26.45,29.09,10.05,54.27,23.17,52.42,59.94,62.28,0.92,0.56,0.98,0.84,1.83,47.75,3.62,111.65,57.07,6.66,11.88,61.98,54.86,65.32,28.54,10.64,20.66,0.85,2.72,17.86,20.39,10.67,58.06,11.83,72.76
Firm 309,9.80,1.40,19.31,25.59,19.44,121.23,81.58,52.01,21.84,218.05,54.49,296.22,48.93,80.45,152.85,0.67,1.18,2.59,0.23,2.84,2.01,23.41,11.89,22.50,19.77,467.81,429.62,240.67,490.99,200.99,21.01,70.33,8.92,110.99,7.11,217.95,190.26,142.81,341.12,315.92
Firm 310,0.00,0.00,0.00,0.00,0.00,0.00,0.00,0.00,0.00,0.00,0.00,0.00,0.00,0.00,0.00,0.00,0.00,0.00,0.00,0.00,0.00,0.00,0.00,0.00,0.00,0.00,0.00,0.00,0.00,0.00,0.00,0.00,0.00,0.00,0.00,0.00,0.00,0.00,0.00,0.00
Firm 311,-15.16,14897.66,12734.77,381.20,14566.28,2394.75,12441.32,6189.59,641.42,16323.54,6436.58,2548.88,19637.95,10138.62,6411.75,0.87,0.09,2.32,0.86,1.80,845.52,17291.29,21432.68,21730.53,24251.48,147474.20,553549.90,509798.19,121927.02,61836.61,206378.51,68972.00,147508.13,360022.23,494498.53,7807.21,11642.06,3714.98,64.57,7990.39
Firm 312,0.00,0.00,0.00,0.00,0.00,0.39,0.40,0.23,0.00,0.21,2.98,3.19,5.65,0.15,5.86,2.32,6.80,12.00,19.29,40.34,0.00,0.00,0.00,0.00,0.00,4.69,2.90,5.58,2.59,5.01,0.67,0.04,0.27,0.05,0.11,5.62,2.31,5.42,0.73,3.19
Firm 313,-0.01,0.63,0.65,0.62,-138.08,7.70,13.88,116.24,180.58,76.85,91.05,132.57,299.34,182.51,343.32,1.34,3.29,0.47,1.65,4.90,-0.02,0.88,1.32,0.44,0.24,221.25,172.12,916.45,297.25,760.05,68.93,579.51,519.70,554.23,643.83,5.78,432.08,304.20,354.47,358.20
Firm 314,0.00,0.00,0.00,0.00,0.00,0.33,0.39,0.25,0.00,0.00,4.91,1.80,2.07,0.00,0.00,1.31,17.94,17.00,0.00,0.00,0.00,0.00,0.00,0.00,0.00,3.37,1.65,7.22,0.00,0.00,0.02,0.00,0.00,0.00,0.00,6.06,5.19,5.45,0.00,0.00
Firm 315,152.50,128.83,167.70,221.36,124.53,25.28,81.52,116.93,56.82,4.98,11.86,81.77,195.93,0.64,103.74,2.33,0.82,2.38,3.30,2.70,356.07,134.98,163.75,327.16,259.51,153.19,15.07,739.29,368.31,528.05,141.55,445.58,375.67,430.32,11.06,101.31,87.56,98.63,110.70,51.54
Firm 316,0.00,-0.11,-368.82,0.02,-0.02,226.41,85.41,251.68,287.40,385.09,408.87,135.35,588.89,826.22,49.74,2.02,0.76,2.44,3.56,3.05,0.00,-0.03,29.67,0.25,-0.26,750.14,884.83,1799.71,766.52,1793.99,695.36,360.66,267.10,1520.11,1055.31,234.21,162.83,130.96,199.58,772.62
Firm 317,1635.74,4105.05,4838.90,4451.74,3479.29,57.94,221.53,99.39,131.90,26.39,153.53,209.55,265.56,361.60,209.52,0.57,2.00,0.84,1.61,1.31,2476.65,2105.03,2833.77,234.70,3716.10,8380.63,9704.30,7663.63,2108.61,8554.85,4759.37,14249.21,21959.21,11775.21,9605.27,111.40,76.52,7.71,68.36,373.96
Firm 318,102.02,74.83,83.87,310.07,0.00,472.64,609.93,119.42,274.78,0.00,1317.56,866.40,504.64,1098.47,0.00,2.20,0.33,0.60,2.17,0.00,609.64,65.47,840.65,1615.59,0.00,3379.13,2323.03,1617.68,3268.47,0.00,3874.23,104.45,3342.53,3634.74,0.00,92.48,786.31,903.01,836.85,0.00
Firm 319,0.00,0.00,0.00,0.00,0.00,0.03,0.02,0.15,0.23,0.00,5.84,6.17,4.03,2.90,0.00,68.40,21.65,31.72,32.71,0.00,0.00,0.00,0.00,0.00,0.00,6.53,6.54,5.45,3.18,0.00,0.38,0.33,0.96,0.00,0.00,8.66,6.41,0.66,7.00,0.00
Firm 320,0.00,0.00,0.00,0.00,0.00,0.00,3.07,5.93,4.44,0.16,7.64,8.12,0.71,4.17,1.27,6735557.78,1.55,1.70,2.33,0.48,0.00,0.00,0.00,0.00,0.00,6.20,5.84,7.52,4.42,2.78,0.01,0.06,0.01,0.00,0.01,4.97,2.73,4.30,3.60,7.19
Firm 321,0.00,0.00,-0.17,-6.81,31.26,0.00,0.37,70.40,68.66,175.63,0.00,6.11,217.97,73.38,109.39,0.00,24.64,2.82,0.03,3.35,0.00,0.00,8.82,2.90,67.34,0.00,6.78,2079.79,2554.93,8619.92,0.00,0.01,1776.38,1843.14,10455.58,0.00,0.02,23.48,125.14,60.01
Firm 322,3315.47,4136.48,2192.75,2252.92,2780.63,578.24,1926.54,1366.55,849.07,1571.97,1943.29,851.93,1042.58,1543.93,727.02,2.36,0.97,2.22,0.29,2.62,337.06,2472.33,2287.80,1979.54,1129.66,11109.17,1286.12,9980.55,2925.30,4568.89,5978.08,5250.43,4906.43,6204.40,5566.09,3860.02,2114.65,3198.39,1029.87,3640.24
Firm 323,0.00,0.00,0.00,0.00,0.00,6.46,28.04,5.69,1.67,2.46,0.37,101.46,50.69,75.35,0.07,2.06,5.30,22.54,67.28,0.61,0.00,0.00,0.00,0.00,0.00,121.36,12.23,63.63,122.78,25.14,40.15,33.50,30.45,17.82,13.02,73.65,88.87,92.83,91.19,2.73
Firm 324,29.81,21.00,13.55,6.15,49.79,45.97,57.32,36.91,1.01,37.29,47.66,45.58,92.47,29.14,32.23,2.30,0.45,0.00,0.06,0.90,41.74,39.95,149.48,223.88,51.87,307.82,490.48,437.98,483.71,314.69,253.31,353.40,273.74,354.97,298.30,61.40,63.08,73.02,11.68,21.92
Firm 325,108.47,496.30,437.22,120.65,0.00,402.00,408.27,477.42,346.98,0.00,34.36,390.37,228.36,335.85,0.00,2.53,1.71,2.18,0.75,0.00,416.84,268.85,798.84,314.51,0.00,2562.23,526.09,1006.11,2143.41,0.00,673.34,989.01,1762.58,1487.32,0.00,183.26,124.78,632.10,592.45,0.00
,,,,,,,,,,,,,,,,,,,,,,,,,,,,,,,,,,,,,,,,
